feature_set,log_conflict,architecture,learning_rate,epoch,train_loss,validation_loss
baseline,False,32,0.001,1,0.6630103317896525,0.6308659315109253
baseline,False,32,0.001,2,0.625834000993658,0.5942614674568176
baseline,False,32,0.001,3,0.5852183837360806,0.5536389350891113
baseline,False,32,0.001,4,0.5381548328752871,0.5097815990447998
baseline,False,32,0.001,5,0.4846547106460289,0.4620252847671509
baseline,False,32,0.001,6,0.42769035551283097,0.4136491119861603
baseline,False,32,0.001,7,0.3725559013861197,0.3697057366371155
baseline,False,32,0.001,8,0.32378706168245386,0.33354929089546204
baseline,False,32,0.001,9,0.2841086104622594,0.3054310977458954
baseline,False,32,0.001,10,0.2541674905794638,0.28409871459007263
baseline,False,32,0.001,11,0.2323710834759253,0.26928067207336426
baseline,False,32,0.001,12,0.21686077921478836,0.2586679458618164
baseline,False,32,0.001,13,0.20598865685639559,0.2506607472896576
baseline,False,32,0.001,14,0.19813131352265675,0.24565312266349792
baseline,False,32,0.001,15,0.192499361899164,0.241002157330513
baseline,False,32,0.001,16,0.1882211959141272,0.2379448264837265
baseline,False,32,0.001,17,0.18497947282261318,0.23562167584896088
baseline,False,32,0.001,18,0.18240083509021335,0.23336118459701538
baseline,False,32,0.001,19,0.18026640404153754,0.23152469098567963
baseline,False,32,0.001,20,0.1784559433327781,0.2292145937681198
baseline,False,32,0.001,21,0.17683306813240052,0.2274697870016098
baseline,False,32,0.001,22,0.17538535681035783,0.22584591805934906
baseline,False,32,0.001,23,0.17402015900170362,0.2233887016773224
baseline,False,32,0.001,24,0.17273618232320856,0.22178608179092407
baseline,False,32,0.001,25,0.1715141507210555,0.22078371047973633
baseline,False,32,0.001,26,0.17032797811207948,0.21872417628765106
baseline,False,32,0.001,27,0.1691620789192341,0.21704530715942383
baseline,False,32,0.001,28,0.16804618431462182,0.21516989171504974
baseline,False,32,0.001,29,0.16693600120367827,0.21347159147262573
baseline,False,32,0.001,30,0.16585693441055438,0.21270978450775146
baseline,False,32,0.001,31,0.16479211295092547,0.21027402579784393
baseline,False,32,0.001,32,0.1637620034041228,0.20853298902511597
baseline,False,32,0.001,33,0.16271788197535056,0.2075827717781067
baseline,False,32,0.001,34,0.16173508136360734,0.20562385022640228
baseline,False,32,0.001,35,0.16078288793563844,0.20465850830078125
baseline,False,32,0.001,36,0.15989374973155834,0.2031337171792984
baseline,False,32,0.001,37,0.15904228788835031,0.20090468227863312
baseline,False,32,0.001,38,0.1581983001364602,0.2004709243774414
baseline,False,32,0.001,39,0.15732518902531376,0.19890539348125458
baseline,False,32,0.001,40,0.15657025354879875,0.19742362201213837
baseline,False,32,0.001,41,0.1558342808705789,0.1983281970024109
baseline,False,32,0.001,42,0.15503915612344388,0.1953602433204651
baseline,False,32,0.001,43,0.15431615083305925,0.1951548010110855
baseline,False,32,0.001,44,0.153609340455797,0.1940055638551712
baseline,False,32,0.001,45,0.15295400628337152,0.19268175959587097
baseline,False,32,0.001,46,0.1522637837021439,0.19249852001667023
baseline,False,32,0.001,47,0.15163849497282947,0.1921100914478302
baseline,False,32,0.001,48,0.15101863611627508,0.19109907746315002
baseline,False,32,0.001,49,0.1504234422136236,0.19058306515216827
baseline,False,32,0.001,50,0.14984166589048173,0.1894751340150833
baseline,False,32,0.001,51,0.14919957419236501,0.19037793576717377
baseline,False,32,0.001,52,0.1486145482019142,0.18889294564723969
baseline,False,32,0.001,53,0.1480387614612226,0.18867512047290802
baseline,False,32,0.001,54,0.14739118342046384,0.1892765909433365
baseline,False,32,0.001,55,0.1468107580476337,0.18756181001663208
baseline,False,32,0.001,56,0.14634267290433248,0.18730802834033966
baseline,False,32,0.001,57,0.14573926228064077,0.18626870214939117
baseline,False,32,0.001,58,0.1452169105300197,0.18590174615383148
baseline,False,32,0.001,59,0.14469764638830115,0.18611596524715424
baseline,False,32,0.001,60,0.14420182861663677,0.1856963038444519
baseline,False,32,0.001,61,0.14370806550538098,0.18484137952327728
baseline,False,32,0.001,62,0.14330805729936671,0.18511523306369781
baseline,False,32,0.001,63,0.14288567160014753,0.184801384806633
baseline,False,32,0.001,64,0.142563971777757,0.18379631638526917
baseline,False,32,0.001,65,0.14208467779336154,0.18376196920871735
baseline,False,32,0.001,66,0.1418719767861896,0.1847086250782013
baseline,False,32,0.001,67,0.14180072568081042,0.18172413110733032
baseline,False,32,0.001,68,0.14103916307290396,0.1838761270046234
baseline,False,32,0.001,69,0.14082373877366383,0.182150200009346
baseline,False,32,0.001,70,0.14045275054596087,0.18173743784427643
baseline,False,32,0.001,71,0.1402222733365165,0.18191245198249817
baseline,False,32,0.001,72,0.13991727266046736,0.18144696950912476
baseline,False,32,0.001,73,0.13965234652713493,0.181129589676857
baseline,False,32,0.001,74,0.13940935059829995,0.18073447048664093
baseline,False,32,0.001,75,0.13913203451368544,0.18043403327465057
baseline,False,32,0.001,76,0.138920541063503,0.18027690052986145
baseline,False,32,0.001,77,0.13866916989838635,0.18019293248653412
baseline,False,32,0.001,78,0.13845006783803304,0.1802477091550827
baseline,False,32,0.001,79,0.13832757656221037,0.18016912043094635
baseline,False,32,0.001,80,0.13809330688582527,0.1798119843006134
baseline,False,32,0.001,81,0.13795529676808252,0.17937791347503662
baseline,False,32,0.001,82,0.13794441992485965,0.18020714819431305
baseline,False,32,0.001,83,0.13775227197894344,0.17851412296295166
baseline,False,32,0.001,84,0.13739627986042588,0.17994554340839386
baseline,False,32,0.001,85,0.13726968923100719,0.17916429042816162
baseline,False,32,0.001,86,0.1370140724711948,0.17895901203155518
baseline,False,32,0.001,87,0.13711410919825237,0.1781870722770691
baseline,False,32,0.001,88,0.13679965319456877,0.1796632707118988
baseline,False,32,0.001,89,0.13655903581115936,0.1781461387872696
baseline,False,32,0.001,90,0.1365660063867216,0.17797070741653442
baseline,False,32,0.001,91,0.13632186181015438,0.17896129190921783
baseline,False,32,0.001,92,0.13612456485077187,0.17799952626228333
baseline,False,32,0.001,93,0.1360081422328949,0.1777074784040451
baseline,False,32,0.001,94,0.1358687052903352,0.17768144607543945
baseline,False,32,0.001,95,0.13570390306137226,0.17758138477802277
baseline,False,32,0.001,96,0.13559507548809052,0.17777948081493378
baseline,False,32,0.001,97,0.1354522940074956,0.17770880460739136
baseline,False,32,0.001,98,0.1353050144734206,0.1776912808418274
baseline,False,32,0.001,99,0.13520937234163286,0.17696316540241241
baseline,False,32,0.001,100,0.13504744225078158,0.17698851227760315
baseline,False,32,0.0001,1,0.6774077981489676,0.6648331880569458
baseline,False,32,0.0001,2,0.6737024813228183,0.6610047817230225
baseline,False,32,0.0001,3,0.6700346956429658,0.6571498513221741
baseline,False,32,0.0001,4,0.6663680472197356,0.6534727811813354
baseline,False,32,0.0001,5,0.6626920150827479,0.6497719287872314
baseline,False,32,0.0001,6,0.6590041171179878,0.6459803581237793
baseline,False,32,0.0001,7,0.6552921933597988,0.6422301530838013
baseline,False,32,0.0001,8,0.6515332835691946,0.6385064721107483
baseline,False,32,0.0001,9,0.6477093526169105,0.6347506046295166
baseline,False,32,0.0001,10,0.6438398099828649,0.6308609843254089
baseline,False,32,0.0001,11,0.6398905002629316,0.6269850134849548
baseline,False,32,0.0001,12,0.6358720354680661,0.6230558753013611
baseline,False,32,0.0001,13,0.631766412169845,0.6190566420555115
baseline,False,32,0.0001,14,0.6275578753153483,0.6150508522987366
baseline,False,32,0.0001,15,0.623258475639202,0.6108782887458801
baseline,False,32,0.0001,16,0.6188374197924579,0.6066814661026001
baseline,False,32,0.0001,17,0.614305801656511,0.6024207472801208
baseline,False,32,0.0001,18,0.6096744445518211,0.5980716943740845
baseline,False,32,0.0001,19,0.6049002459314134,0.5936744213104248
baseline,False,32,0.0001,20,0.6000233082418088,0.5891109108924866
baseline,False,32,0.0001,21,0.5949975263630902,0.5845125913619995
baseline,False,32,0.0001,22,0.5898734833576061,0.5798547863960266
baseline,False,32,0.0001,23,0.5846377566125658,0.5749944448471069
baseline,False,32,0.0001,24,0.5792740205482201,0.570124089717865
baseline,False,32,0.0001,25,0.5738175568757233,0.5652048587799072
baseline,False,32,0.0001,26,0.568248275121053,0.560173749923706
baseline,False,32,0.0001,27,0.5625706828082049,0.5550534129142761
baseline,False,32,0.0001,28,0.5567947015938935,0.549866795539856
baseline,False,32,0.0001,29,0.550927526862533,0.5446233153343201
baseline,False,32,0.0001,30,0.5449850482410855,0.5393757820129395
baseline,False,32,0.0001,31,0.5389693892443621,0.5339942574501038
baseline,False,32,0.0001,32,0.532853895381645,0.5286063551902771
baseline,False,32,0.0001,33,0.5267184670766195,0.5231849551200867
baseline,False,32,0.0001,34,0.5204964742837129,0.5176846981048584
baseline,False,32,0.0001,35,0.514220207532247,0.5121697187423706
baseline,False,32,0.0001,36,0.5078792041760903,0.5066483020782471
baseline,False,32,0.0001,37,0.501556169545209,0.5010249018669128
baseline,False,32,0.0001,38,0.4951921991507212,0.4955187439918518
baseline,False,32,0.0001,39,0.4888437850828524,0.4899832308292389
baseline,False,32,0.0001,40,0.482514359553655,0.4844512641429901
baseline,False,32,0.0001,41,0.4761821638213264,0.4790665805339813
baseline,False,32,0.0001,42,0.46987364058141357,0.4736190140247345
baseline,False,32,0.0001,43,0.4635791857154281,0.4682394564151764
baseline,False,32,0.0001,44,0.4573284614086151,0.46287059783935547
baseline,False,32,0.0001,45,0.45110720184114245,0.4575129747390747
baseline,False,32,0.0001,46,0.44496096390265005,0.4522581100463867
baseline,False,32,0.0001,47,0.43886831173190366,0.4470306932926178
baseline,False,32,0.0001,48,0.4328221109178331,0.4419025778770447
baseline,False,32,0.0001,49,0.42685152490933737,0.4368627071380615
baseline,False,32,0.0001,50,0.42094599935743543,0.43181663751602173
baseline,False,32,0.0001,51,0.4151080822061609,0.426923543214798
baseline,False,32,0.0001,52,0.4093501502054709,0.4220670163631439
baseline,False,32,0.0001,53,0.403692699096821,0.4172857701778412
baseline,False,32,0.0001,54,0.39808929227016593,0.4126620590686798
baseline,False,32,0.0001,55,0.392596675908124,0.4080875515937805
baseline,False,32,0.0001,56,0.3871916186368024,0.4036213457584381
baseline,False,32,0.0001,57,0.38189461986223855,0.39920803904533386
baseline,False,32,0.0001,58,0.3766855610741509,0.39478954672813416
baseline,False,32,0.0001,59,0.371558431563554,0.390495240688324
baseline,False,32,0.0001,60,0.36655439606419316,0.3863409459590912
baseline,False,32,0.0001,61,0.3616281212259222,0.38222983479499817
baseline,False,32,0.0001,62,0.3568058400683933,0.3782069981098175
baseline,False,32,0.0001,63,0.3520942207618996,0.3742678463459015
baseline,False,32,0.0001,64,0.3474598898269512,0.3703994154930115
baseline,False,32,0.0001,65,0.34295565088589985,0.36659082770347595
baseline,False,32,0.0001,66,0.33853531987578783,0.3629855513572693
baseline,False,32,0.0001,67,0.3342100533291146,0.3593505322933197
baseline,False,32,0.0001,68,0.3299940655849598,0.3558835983276367
baseline,False,32,0.0001,69,0.32588377162262244,0.3525075614452362
baseline,False,32,0.0001,70,0.32186520386625217,0.3491840660572052
baseline,False,32,0.0001,71,0.31793118865401654,0.3459424376487732
baseline,False,32,0.0001,72,0.3140997144911024,0.3427833020687103
baseline,False,32,0.0001,73,0.31037059854578086,0.3396759033203125
baseline,False,32,0.0001,74,0.3067177148218508,0.33661866188049316
baseline,False,32,0.0001,75,0.30318017571060746,0.3336569368839264
baseline,False,32,0.0001,76,0.29971667439849287,0.3307715058326721
baseline,False,32,0.0001,77,0.29634386596856294,0.3279557526111603
baseline,False,32,0.0001,78,0.29306400727342674,0.32520508766174316
baseline,False,32,0.0001,79,0.2898619931715506,0.32254013419151306
baseline,False,32,0.0001,80,0.2867321632968055,0.3200053870677948
baseline,False,32,0.0001,81,0.2837193445364634,0.3174879252910614
baseline,False,32,0.0001,82,0.28074348383479647,0.31513920426368713
baseline,False,32,0.0001,83,0.2778768155751405,0.31273770332336426
baseline,False,32,0.0001,84,0.2750709686897419,0.310418963432312
baseline,False,32,0.0001,85,0.27233564469549393,0.30819663405418396
baseline,False,32,0.0001,86,0.2696997636335867,0.30600571632385254
baseline,False,32,0.0001,87,0.2671129256266135,0.3038139045238495
baseline,False,32,0.0001,88,0.2645987785304034,0.30179694294929504
baseline,False,32,0.0001,89,0.262150881378739,0.2997777462005615
baseline,False,32,0.0001,90,0.2597762042284012,0.29781728982925415
baseline,False,32,0.0001,91,0.25747325303377927,0.2959120273590088
baseline,False,32,0.0001,92,0.2552188906846223,0.29406774044036865
baseline,False,32,0.0001,93,0.2530366255177392,0.2922880947589874
baseline,False,32,0.0001,94,0.2509146512658508,0.2905063033103943
baseline,False,32,0.0001,95,0.24885663668314617,0.28872475028038025
baseline,False,32,0.0001,96,0.24687729897322477,0.28701838850975037
baseline,False,32,0.0001,97,0.2449027336968316,0.28543123602867126
baseline,False,32,0.0001,98,0.24301829547793777,0.28390905261039734
baseline,False,32,0.0001,99,0.24117842084831662,0.28239262104034424
baseline,False,32,0.0001,100,0.2393994179699156,0.2808537781238556
baseline,False,64-32,0.001,1,0.6323971386309023,0.6279056072235107
baseline,False,64-32,0.001,2,0.5907338812616136,0.57569819688797
baseline,False,64-32,0.001,3,0.5264110511762125,0.4956469237804413
baseline,False,64-32,0.001,4,0.4296976011770743,0.39681440591812134
baseline,False,64-32,0.001,5,0.31305582362192647,0.30254629254341125
baseline,False,64-32,0.001,6,0.22320324818293252,0.254189133644104
baseline,False,64-32,0.001,7,0.18691030965911018,0.2429775446653366
baseline,False,64-32,0.001,8,0.17825117490909717,0.24108324944972992
baseline,False,64-32,0.001,9,0.17465958635012307,0.23466138541698456
baseline,False,64-32,0.001,10,0.17105559119471797,0.22908325493335724
baseline,False,64-32,0.001,11,0.1673524785924841,0.22794711589813232
baseline,False,64-32,0.001,12,0.16342785552695946,0.21779659390449524
baseline,False,64-32,0.001,13,0.1592589067529749,0.2131926268339157
baseline,False,64-32,0.001,14,0.15552906174350667,0.2031121402978897
baseline,False,64-32,0.001,15,0.1511621164944437,0.20162221789360046
baseline,False,64-32,0.001,16,0.1480795419657672,0.19473418593406677
baseline,False,64-32,0.001,17,0.14539297741872292,0.19054044783115387
baseline,False,64-32,0.001,18,0.14315648981818446,0.18944966793060303
baseline,False,64-32,0.001,19,0.14163538975848092,0.1884450912475586
baseline,False,64-32,0.001,20,0.1401719359115318,0.18509790301322937
baseline,False,64-32,0.001,21,0.1390084237964065,0.1831674873828888
baseline,False,64-32,0.001,22,0.13806407206588323,0.1831432282924652
baseline,False,64-32,0.001,23,0.13722857775511565,0.18405956029891968
baseline,False,64-32,0.001,24,0.13656242578117936,0.18194615840911865
baseline,False,64-32,0.001,25,0.1358461363448037,0.18146295845508575
baseline,False,64-32,0.001,26,0.13507582400684004,0.18091332912445068
baseline,False,64-32,0.001,27,0.13476721209508402,0.1790682077407837
baseline,False,64-32,0.001,28,0.13450040698051452,0.18053801357746124
baseline,False,64-32,0.001,29,0.13369021150800917,0.17895561456680298
baseline,False,64-32,0.001,30,0.13331848861994566,0.1787533015012741
baseline,False,64-32,0.001,31,0.1335709156592687,0.1839311569929123
baseline,False,64-32,0.001,32,0.13324462360805936,0.17758722603321075
baseline,False,64-32,0.001,33,0.1321832338085881,0.17854474484920502
baseline,False,64-32,0.001,34,0.13182985995654706,0.1802278459072113
baseline,False,64-32,0.001,35,0.13144135174927887,0.1776786744594574
baseline,False,64-32,0.001,36,0.13117886695596906,0.17797604203224182
baseline,False,64-32,0.001,37,0.1311418859384678,0.17850294709205627
baseline,False,64-32,0.001,38,0.1305539356999927,0.17684343457221985
baseline,False,64-32,0.001,39,0.13029008801336642,0.17879076302051544
baseline,False,64-32,0.001,40,0.13031333910094367,0.17759214341640472
baseline,False,64-32,0.001,41,0.130199101070563,0.1767556518316269
baseline,False,64-32,0.001,42,0.12964079251995794,0.17850732803344727
baseline,False,64-32,0.001,43,0.1289259668522411,0.1765878051519394
baseline,False,64-32,0.001,44,0.12884436705598123,0.17710788547992706
baseline,False,64-32,0.001,45,0.12849651016570904,0.17631997168064117
baseline,False,64-32,0.001,46,0.12821943124135335,0.176993727684021
baseline,False,64-32,0.001,47,0.12806042666788453,0.1781207025051117
baseline,False,64-32,0.001,48,0.12787112753700328,0.17645813524723053
baseline,False,64-32,0.001,49,0.12757942771470104,0.17711086571216583
baseline,False,64-32,0.001,50,0.1275212652815713,0.17938187718391418
baseline,False,64-32,0.001,51,0.12723904073238373,0.17582224309444427
baseline,False,64-32,0.001,52,0.12666308660198142,0.17780771851539612
baseline,False,64-32,0.001,53,0.12741270261782187,0.17663295567035675
baseline,False,64-32,0.001,54,0.12657561001954254,0.1759033203125
baseline,False,64-32,0.001,55,0.1261723566276056,0.17780701816082
baseline,False,64-32,0.001,56,0.1260661984483401,0.1761287897825241
baseline,False,64-32,0.001,57,0.12667194662270723,0.17664900422096252
baseline,False,64-32,0.001,58,0.12554665812739618,0.17940503358840942
baseline,False,64-32,0.001,59,0.12546521842479705,0.17667759954929352
baseline,False,64-32,0.0001,1,0.6462109601939166,0.6607242226600647
baseline,False,64-32,0.0001,2,0.6427379116305598,0.6572593450546265
baseline,False,64-32,0.0001,3,0.6392396599275094,0.6536998152732849
baseline,False,64-32,0.0001,4,0.6356703489798087,0.6502628326416016
baseline,False,64-32,0.0001,5,0.6319816128412883,0.6466156244277954
baseline,False,64-32,0.0001,6,0.628133941049929,0.6425703763961792
baseline,False,64-32,0.0001,7,0.6240487116354483,0.638245701789856
baseline,False,64-32,0.0001,8,0.6196209914595993,0.633581817150116
baseline,False,64-32,0.0001,9,0.6147140212412233,0.6284435987472534
baseline,False,64-32,0.0001,10,0.6092503379009389,0.6225298643112183
baseline,False,64-32,0.0001,11,0.6031157047660263,0.6161282062530518
baseline,False,64-32,0.0001,12,0.596323861722593,0.6091346740722656
baseline,False,64-32,0.0001,13,0.588863970791852,0.6015023589134216
baseline,False,64-32,0.0001,14,0.5807168946442781,0.5933787822723389
baseline,False,64-32,0.0001,15,0.5718889653241193,0.5844448804855347
baseline,False,64-32,0.0001,16,0.5622644142751341,0.5748959183692932
baseline,False,64-32,0.0001,17,0.5518414196261653,0.5646994709968567
baseline,False,64-32,0.0001,18,0.5407083425698457,0.5538480281829834
baseline,False,64-32,0.0001,19,0.5288575544180694,0.5426180362701416
baseline,False,64-32,0.0001,20,0.5164769381063956,0.5307145714759827
baseline,False,64-32,0.0001,21,0.5035111419359843,0.5185162425041199
baseline,False,64-32,0.0001,22,0.4901017675576387,0.5060696005821228
baseline,False,64-32,0.0001,23,0.47624125237818116,0.492906391620636
baseline,False,64-32,0.0001,24,0.4619116495273731,0.4797041714191437
baseline,False,64-32,0.0001,25,0.447206239523711,0.4663406014442444
baseline,False,64-32,0.0001,26,0.4320684355718118,0.45263341069221497
baseline,False,64-32,0.0001,27,0.416661938517182,0.43877914547920227
baseline,False,64-32,0.0001,28,0.40119830122700445,0.4250445067882538
baseline,False,64-32,0.0001,29,0.3858345448529279,0.411487340927124
baseline,False,64-32,0.0001,30,0.3707272330919901,0.3983592987060547
baseline,False,64-32,0.0001,31,0.35602194596219944,0.3852861225605011
baseline,False,64-32,0.0001,32,0.3417211862846657,0.37287983298301697
baseline,False,64-32,0.0001,33,0.3281496499644385,0.3612367510795593
baseline,False,64-32,0.0001,34,0.3151791126198239,0.35009732842445374
baseline,False,64-32,0.0001,35,0.3029500941877012,0.33980587124824524
baseline,False,64-32,0.0001,36,0.29142283267445035,0.33020713925361633
baseline,False,64-32,0.0001,37,0.28078695160371286,0.3209839165210724
baseline,False,64-32,0.0001,38,0.27085704728409093,0.3128884732723236
baseline,False,64-32,0.0001,39,0.26175961454709373,0.30533406138420105
baseline,False,64-32,0.0001,40,0.2534472320697926,0.2984246015548706
baseline,False,64-32,0.0001,41,0.24583803845776453,0.29262953996658325
baseline,False,64-32,0.0001,42,0.23888159853440744,0.287004292011261
baseline,False,64-32,0.0001,43,0.2326065884254597,0.28195932507514954
baseline,False,64-32,0.0001,44,0.2269453564396611,0.2773049473762512
baseline,False,64-32,0.0001,45,0.22180948654810587,0.27291736006736755
baseline,False,64-32,0.0001,46,0.21721277718190793,0.2692440450191498
baseline,False,64-32,0.0001,47,0.21308617885465975,0.2657298743724823
baseline,False,64-32,0.0001,48,0.2093240996643349,0.2627040147781372
baseline,False,64-32,0.0001,49,0.20598203089502123,0.26008278131484985
baseline,False,64-32,0.0001,50,0.20295112525975262,0.25741544365882874
baseline,False,64-32,0.0001,51,0.20020313653681013,0.2553500235080719
baseline,False,64-32,0.0001,52,0.19774079082188784,0.25334811210632324
baseline,False,64-32,0.0001,53,0.19555894441074795,0.25152143836021423
baseline,False,64-32,0.0001,54,0.1935016135374705,0.25020095705986023
baseline,False,64-32,0.0001,55,0.19170562300417157,0.24873264133930206
baseline,False,64-32,0.0001,56,0.19004778285821278,0.24746417999267578
baseline,False,64-32,0.0001,57,0.18854902503667054,0.24622003734111786
baseline,False,64-32,0.0001,58,0.18715954213230698,0.24463826417922974
baseline,False,64-32,0.0001,59,0.18587251837606783,0.24336329102516174
baseline,False,64-32,0.0001,60,0.1847277620324382,0.24255292117595673
baseline,False,64-32,0.0001,61,0.18363342960675558,0.24155977368354797
baseline,False,64-32,0.0001,62,0.18263202548027038,0.2406548708677292
baseline,False,64-32,0.0001,63,0.18172291106647914,0.23977252840995789
baseline,False,64-32,0.0001,64,0.1808351633725343,0.23882713913917542
baseline,False,64-32,0.0001,65,0.1800470695009938,0.23786914348602295
baseline,False,64-32,0.0001,66,0.17927651345729828,0.23757041990756989
baseline,False,64-32,0.0001,67,0.17856136054904373,0.23659847676753998
baseline,False,64-32,0.0001,68,0.1778760739609047,0.2361500859260559
baseline,False,64-32,0.0001,69,0.17723421865039402,0.235702246427536
baseline,False,64-32,0.0001,70,0.17662598181653905,0.2351110726594925
baseline,False,64-32,0.0001,71,0.17602880533094759,0.23449856042861938
baseline,False,64-32,0.0001,72,0.1754613399505615,0.23386594653129578
baseline,False,64-32,0.0001,73,0.1749161837277589,0.2331957221031189
baseline,False,64-32,0.0001,74,0.17438147840676485,0.23238153755664825
baseline,False,64-32,0.0001,75,0.1738800158324065,0.23176409304141998
baseline,False,64-32,0.0001,76,0.17338544333422626,0.23110471665859222
baseline,False,64-32,0.0001,77,0.17290130891181804,0.2305092066526413
baseline,False,64-32,0.0001,78,0.1724119775162803,0.23002560436725616
baseline,False,64-32,0.0001,79,0.17194709133218836,0.2294897437095642
baseline,False,64-32,0.0001,80,0.17148701575067307,0.22919446229934692
baseline,False,64-32,0.0001,81,0.17103501639984273,0.22873887419700623
baseline,False,64-32,0.0001,82,0.1705922245979309,0.22855472564697266
baseline,False,64-32,0.0001,83,0.17014353681493688,0.22781187295913696
baseline,False,64-32,0.0001,84,0.16970536757398536,0.2271868884563446
baseline,False,64-32,0.0001,85,0.169285256045836,0.22675268352031708
baseline,False,64-32,0.0001,86,0.16884114298555586,0.22633934020996094
baseline,False,64-32,0.0001,87,0.1684306805001365,0.2254450023174286
baseline,False,64-32,0.0001,88,0.16799391954033463,0.2252218872308731
baseline,False,64-32,0.0001,89,0.1675568064495369,0.22466547787189484
baseline,False,64-32,0.0001,90,0.1671399411227968,0.22403641045093536
baseline,False,64-32,0.0001,91,0.16672149128384062,0.22363722324371338
baseline,False,64-32,0.0001,92,0.16629933533845123,0.2231019288301468
baseline,False,64-32,0.0001,93,0.1658892950967506,0.22256964445114136
baseline,False,64-32,0.0001,94,0.16546699190581288,0.22175686061382294
baseline,False,64-32,0.0001,95,0.16505857145344768,0.2206873893737793
baseline,False,64-32,0.0001,96,0.16463427446506643,0.22015410661697388
baseline,False,64-32,0.0001,97,0.16420293344391718,0.21983739733695984
baseline,False,64-32,0.0001,98,0.16377471546332042,0.21967612206935883
baseline,False,64-32,0.0001,99,0.1633303016424179,0.21908512711524963
baseline,False,64-32,0.0001,100,0.1628456625673506,0.21808211505413055
baseline,False,128-64,0.001,1,0.6322686206852948,0.5823359489440918
baseline,False,128-64,0.001,2,0.4827602782955876,0.42382198572158813
baseline,False,128-64,0.001,3,0.30416750704800644,0.2836492359638214
baseline,False,128-64,0.001,4,0.2016614352773737,0.25072023272514343
baseline,False,128-64,0.001,5,0.18322828663720025,0.2454826682806015
baseline,False,128-64,0.001,6,0.17830936038935627,0.23666353523731232
baseline,False,128-64,0.001,7,0.1722567242383957,0.2306249737739563
baseline,False,128-64,0.001,8,0.16802802436881595,0.2283017784357071
baseline,False,128-64,0.001,9,0.16450606173939175,0.2222314178943634
baseline,False,128-64,0.001,10,0.16072222850940845,0.21805144846439362
baseline,False,128-64,0.001,11,0.1569405170502486,0.21776098012924194
baseline,False,128-64,0.001,12,0.15294369328905036,0.20663048326969147
baseline,False,128-64,0.001,13,0.1489064708020952,0.20370075106620789
baseline,False,128-64,0.001,14,0.14614638809804564,0.19291184842586517
baseline,False,128-64,0.001,15,0.14218129054263787,0.1947878897190094
baseline,False,128-64,0.001,16,0.14019231023611844,0.18811242282390594
baseline,False,128-64,0.001,17,0.1382264785634147,0.18539701402187347
baseline,False,128-64,0.001,18,0.13656316940431243,0.18475018441677094
baseline,False,128-64,0.001,19,0.13544765972428852,0.18532143533229828
baseline,False,128-64,0.001,20,0.13433669295575884,0.1830262541770935
baseline,False,128-64,0.001,21,0.13339106495733613,0.18065187335014343
baseline,False,128-64,0.001,22,0.13259911115522738,0.18056395649909973
baseline,False,128-64,0.001,23,0.13194723586241405,0.181451216340065
baseline,False,128-64,0.001,24,0.13122787835421384,0.18193084001541138
baseline,False,128-64,0.001,25,0.13089005064081263,0.17993377149105072
baseline,False,128-64,0.001,26,0.12976083208013464,0.1781078577041626
baseline,False,128-64,0.001,27,0.12945374645568705,0.17815980315208435
baseline,False,128-64,0.001,28,0.12928214404318067,0.1780792474746704
baseline,False,128-64,0.001,29,0.128357824296863,0.17805708944797516
baseline,False,128-64,0.001,30,0.1276980209571344,0.17785139381885529
baseline,False,128-64,0.001,31,0.1279527821805742,0.18157196044921875
baseline,False,128-64,0.001,32,0.12730587391941636,0.17867934703826904
baseline,False,128-64,0.001,33,0.12692893039297173,0.17772825062274933
baseline,False,128-64,0.001,34,0.12549252462607843,0.178875133395195
baseline,False,128-64,0.001,35,0.12528061735409277,0.17854362726211548
baseline,False,128-64,0.001,36,0.12478145610403131,0.17763763666152954
baseline,False,128-64,0.001,37,0.12466972686626293,0.1820673942565918
baseline,False,128-64,0.001,38,0.12426586652243579,0.1781061291694641
baseline,False,128-64,0.001,39,0.12349254323376549,0.17908696830272675
baseline,False,128-64,0.001,40,0.12321785732551857,0.1823563426733017
baseline,False,128-64,0.001,41,0.12305690231146636,0.17948496341705322
baseline,False,128-64,0.0001,1,0.6836958735960501,0.6755496859550476
baseline,False,128-64,0.0001,2,0.6704463031556871,0.6655375957489014
baseline,False,128-64,0.0001,3,0.6571035947623076,0.6550647616386414
baseline,False,128-64,0.0001,4,0.6434501545517533,0.6446703672409058
baseline,False,128-64,0.0001,5,0.629066606009448,0.6332496404647827
baseline,False,128-64,0.0001,6,0.6136837250215036,0.6201210021972656
baseline,False,128-64,0.0001,7,0.596927550986961,0.605603814125061
baseline,False,128-64,0.0001,8,0.5784125811965377,0.589423656463623
baseline,False,128-64,0.0001,9,0.5579300551944308,0.5712483525276184
baseline,False,128-64,0.0001,10,0.5357099330866778,0.5507641434669495
baseline,False,128-64,0.0001,11,0.511937629337664,0.5293042063713074
baseline,False,128-64,0.0001,12,0.4872513301284225,0.5070692896842957
baseline,False,128-64,0.0001,13,0.46202259968828274,0.48416009545326233
baseline,False,128-64,0.0001,14,0.43656869539508114,0.46152403950691223
baseline,False,128-64,0.0001,15,0.41141123996840584,0.4387834072113037
baseline,False,128-64,0.0001,16,0.3866900482442644,0.4170737564563751
baseline,False,128-64,0.0001,17,0.36292214075724283,0.3964135944843292
baseline,False,128-64,0.0001,18,0.3405236061414083,0.3770187199115753
baseline,False,128-64,0.0001,19,0.31955340840198376,0.3595288097858429
baseline,False,128-64,0.0001,20,0.30055808076152096,0.34327569603919983
baseline,False,128-64,0.0001,21,0.2833092497013233,0.3289583623409271
baseline,False,128-64,0.0001,22,0.26811558935377333,0.31646549701690674
baseline,False,128-64,0.0001,23,0.2548035537755048,0.30508312582969666
baseline,False,128-64,0.0001,24,0.24329395711421967,0.2956048846244812
baseline,False,128-64,0.0001,25,0.2335055281497814,0.2877157926559448
baseline,False,128-64,0.0001,26,0.22509694622622595,0.28077441453933716
baseline,False,128-64,0.0001,27,0.21796031249894035,0.2747820317745209
baseline,False,128-64,0.0001,28,0.2119855620242931,0.26968419551849365
baseline,False,128-64,0.0001,29,0.20687428522993018,0.2654116451740265
baseline,False,128-64,0.0001,30,0.20257340501855922,0.2619789242744446
baseline,False,128-64,0.0001,31,0.19894478144469085,0.258746474981308
baseline,False,128-64,0.0001,32,0.19576874883086592,0.2558586597442627
baseline,False,128-64,0.0001,33,0.19313481516308253,0.25357380509376526
baseline,False,128-64,0.0001,34,0.19084285555062472,0.2512665390968323
baseline,False,128-64,0.0001,35,0.18885485569636026,0.2495531439781189
baseline,False,128-64,0.0001,36,0.18708977610976607,0.24788065254688263
baseline,False,128-64,0.0001,37,0.18556567896295476,0.24623382091522217
baseline,False,128-64,0.0001,38,0.18418789735546817,0.24492314457893372
baseline,False,128-64,0.0001,39,0.18296070743490148,0.2436627447605133
baseline,False,128-64,0.0001,40,0.1818736630236661,0.24254007637500763
baseline,False,128-64,0.0001,41,0.1808647539218267,0.24195100367069244
baseline,False,128-64,0.0001,42,0.17990774713180682,0.24093247950077057
baseline,False,128-64,0.0001,43,0.17904214134922733,0.24008025228977203
baseline,False,128-64,0.0001,44,0.17824434739572032,0.2390965074300766
baseline,False,128-64,0.0001,45,0.177485974099901,0.23799048364162445
baseline,False,128-64,0.0001,46,0.17676536078806276,0.2373318076133728
baseline,False,128-64,0.0001,47,0.17608822233147092,0.23649339377880096
baseline,False,128-64,0.0001,48,0.17542639838324653,0.23576347529888153
baseline,False,128-64,0.0001,49,0.17478537691964044,0.2351846545934677
baseline,False,128-64,0.0001,50,0.17414900695836102,0.23428881168365479
baseline,False,128-64,0.0001,51,0.17352588187765192,0.23377725481987
baseline,False,128-64,0.0001,52,0.17294269446973448,0.2331491857767105
baseline,False,128-64,0.0001,53,0.17238417870468564,0.23250462114810944
baseline,False,128-64,0.0001,54,0.17180050322303064,0.23222997784614563
baseline,False,128-64,0.0001,55,0.1712501565615336,0.2316741645336151
baseline,False,128-64,0.0001,56,0.1707203561950613,0.2310875803232193
baseline,False,128-64,0.0001,57,0.17018089570381023,0.2305157333612442
baseline,False,128-64,0.0001,58,0.16964530490062854,0.22942541539669037
baseline,False,128-64,0.0001,59,0.16912941369745466,0.22860096395015717
baseline,False,128-64,0.0001,60,0.16861718266098588,0.2283666878938675
baseline,False,128-64,0.0001,61,0.16809123970844128,0.22776000201702118
baseline,False,128-64,0.0001,62,0.16758536753831085,0.22716444730758667
baseline,False,128-64,0.0001,63,0.16707536798936348,0.22659453749656677
baseline,False,128-64,0.0001,64,0.16656252958156445,0.22573047876358032
baseline,False,128-64,0.0001,65,0.16605688483626754,0.2248820960521698
baseline,False,128-64,0.0001,66,0.16554081757863362,0.22483466565608978
baseline,False,128-64,0.0001,67,0.16504348403877683,0.223674938082695
baseline,False,128-64,0.0001,68,0.16451542953650156,0.22330522537231445
baseline,False,128-64,0.0001,69,0.1640097212129169,0.22293254733085632
baseline,False,128-64,0.0001,70,0.16350021496967032,0.22239354252815247
baseline,False,128-64,0.0001,71,0.1629868758166278,0.2216653823852539
baseline,False,128-64,0.0001,72,0.1624795823627048,0.2208421379327774
baseline,False,128-64,0.0001,73,0.1619699853879434,0.22011898458003998
baseline,False,128-64,0.0001,74,0.16145059128602346,0.21924592554569244
baseline,False,128-64,0.0001,75,0.1609382614824507,0.218520849943161
baseline,False,128-64,0.0001,76,0.1604296534812009,0.21769459545612335
baseline,False,128-64,0.0001,77,0.1599207862438979,0.21709443628787994
baseline,False,128-64,0.0001,78,0.15939127045649068,0.21667805314064026
baseline,False,128-64,0.0001,79,0.15888036997229965,0.2160520702600479
baseline,False,128-64,0.0001,80,0.15837238448637503,0.2156321406364441
baseline,False,128-64,0.0001,81,0.15784406430191464,0.21504463255405426
baseline,False,128-64,0.0001,82,0.15734506143463983,0.2148026078939438
baseline,False,128-64,0.0001,83,0.15679890599515703,0.21367372572422028
baseline,False,128-64,0.0001,84,0.15627900909494472,0.2128242403268814
baseline,False,128-64,0.0001,85,0.15577813612090216,0.21246005594730377
baseline,False,128-64,0.0001,86,0.15522383831165454,0.21200808882713318
baseline,False,128-64,0.0001,87,0.15472818988340872,0.21059474349021912
baseline,False,128-64,0.0001,88,0.15419755862818824,0.21051429212093353
baseline,False,128-64,0.0001,89,0.153663263519605,0.20983731746673584
baseline,False,128-64,0.0001,90,0.15315844581083016,0.2087351232767105
baseline,False,128-64,0.0001,91,0.15263686899785642,0.20832479000091553
baseline,False,128-64,0.0001,92,0.15211231267010725,0.20761166512966156
baseline,False,128-64,0.0001,93,0.15159991767671374,0.20676888525485992
baseline,False,128-64,0.0001,94,0.15109999707451574,0.2057000994682312
baseline,False,128-64,0.0001,95,0.1506070296411161,0.2043275088071823
baseline,False,128-64,0.0001,96,0.1501085314044246,0.20391111075878143
baseline,False,128-64,0.0001,97,0.1496065161625544,0.2037593275308609
baseline,False,128-64,0.0001,98,0.14911642730236052,0.2035425305366516
baseline,False,128-64,0.0001,99,0.1486251441306538,0.20230358839035034
baseline,False,128-64,0.0001,100,0.14813459957087483,0.2008693963289261
baseline,True,32,0.001,1,0.6591609229864898,0.6367928981781006
baseline,True,32,0.001,2,0.6158550182978312,0.6025319695472717
baseline,True,32,0.001,3,0.5700543102511654,0.5608250498771667
baseline,True,32,0.001,4,0.5193421593860343,0.5149402022361755
baseline,True,32,0.001,5,0.4637099414401584,0.46489575505256653
baseline,True,32,0.001,6,0.40650157990279023,0.41519293189048767
baseline,True,32,0.001,7,0.35281362498248064,0.3736845552921295
baseline,True,32,0.001,8,0.3075257369324013,0.34189626574516296
baseline,True,32,0.001,9,0.2724460560304147,0.3177999258041382
baseline,True,32,0.001,10,0.24673280060291292,0.29817989468574524
baseline,True,32,0.001,11,0.2283606500758065,0.283368855714798
baseline,True,32,0.001,12,0.21503021114402346,0.27287939190864563
baseline,True,32,0.001,13,0.20534982506875638,0.26418688893318176
baseline,True,32,0.001,14,0.19802626099851398,0.2577562630176544
baseline,True,32,0.001,15,0.19239439059186864,0.2513948082923889
baseline,True,32,0.001,16,0.18782148096296522,0.2472614347934723
baseline,True,32,0.001,17,0.1840889334237134,0.24366410076618195
baseline,True,32,0.001,18,0.18091352222142396,0.24056731164455414
baseline,True,32,0.001,19,0.17808240422496088,0.2361188530921936
baseline,True,32,0.001,20,0.1755953233551096,0.23168227076530457
baseline,True,32,0.001,21,0.17326174645512193,0.2297634482383728
baseline,True,32,0.001,22,0.171092369556427,0.22665582597255707
baseline,True,32,0.001,23,0.16905170169141556,0.22056688368320465
baseline,True,32,0.001,24,0.16698812263983268,0.22000843286514282
baseline,True,32,0.001,25,0.16513798503964036,0.21890661120414734
baseline,True,32,0.001,26,0.16331211284354882,0.21262694895267487
baseline,True,32,0.001,27,0.16154444890993613,0.2097455859184265
baseline,True,32,0.001,28,0.1599866145849228,0.2082148939371109
baseline,True,32,0.001,29,0.15853904918388084,0.2042788416147232
baseline,True,32,0.001,30,0.15712651608166872,0.20403915643692017
baseline,True,32,0.001,31,0.15583907507084035,0.1995420604944229
baseline,True,32,0.001,32,0.1545585381101679,0.19735658168792725
baseline,True,32,0.001,33,0.15338810836827313,0.19661344587802887
baseline,True,32,0.001,34,0.15232965747515362,0.19287937879562378
baseline,True,32,0.001,35,0.15127250035603843,0.19453127682209015
baseline,True,32,0.001,36,0.15029056714640723,0.1897880733013153
baseline,True,32,0.001,37,0.14947626409707246,0.18887341022491455
baseline,True,32,0.001,38,0.1484836955865224,0.18911568820476532
baseline,True,32,0.001,39,0.14765901035732693,0.18629024922847748
baseline,True,32,0.001,40,0.1469486184252633,0.1845356971025467
baseline,True,32,0.001,41,0.14637429303593105,0.18616825342178345
baseline,True,32,0.001,42,0.1454470506200084,0.1805885285139084
baseline,True,32,0.001,43,0.14489771635444076,0.18396082520484924
baseline,True,32,0.001,44,0.14418558496016043,0.17966721951961517
baseline,True,32,0.001,45,0.1436770522594452,0.17981767654418945
baseline,True,32,0.001,46,0.14319625081839385,0.18055933713912964
baseline,True,32,0.001,47,0.1426604524365178,0.17875398695468903
baseline,True,32,0.001,48,0.14210392179312528,0.17902696132659912
baseline,True,32,0.001,49,0.14166554581235957,0.17779187858104706
baseline,True,32,0.001,50,0.14136153671476576,0.17655447125434875
baseline,True,32,0.001,51,0.14095000177621841,0.17867769300937653
baseline,True,32,0.001,52,0.14049963412461458,0.1748364269733429
baseline,True,32,0.001,53,0.14014841176845408,0.17655017971992493
baseline,True,32,0.001,54,0.13978834487773753,0.1763707548379898
baseline,True,32,0.001,55,0.13937108989115116,0.17426370084285736
baseline,True,32,0.001,56,0.1391750364171134,0.17475086450576782
baseline,True,32,0.001,57,0.13895383892235932,0.17387104034423828
baseline,True,32,0.001,58,0.13864503396881953,0.17345495522022247
baseline,True,32,0.001,59,0.1382522859176,0.17495812475681305
baseline,True,32,0.001,60,0.1379803177162453,0.17314499616622925
baseline,True,32,0.001,61,0.1377444573243459,0.1732264906167984
baseline,True,32,0.001,62,0.13747051543659633,0.1744762361049652
baseline,True,32,0.001,63,0.1372130486921028,0.17201204597949982
baseline,True,32,0.001,64,0.13717839561126852,0.17319591343402863
baseline,True,32,0.001,65,0.1368528566095564,0.17314332723617554
baseline,True,32,0.001,66,0.13670863370100658,0.1735115647315979
baseline,True,32,0.001,67,0.13687495052814483,0.1712927222251892
baseline,True,32,0.001,68,0.13639377099496347,0.17351023852825165
baseline,True,32,0.001,69,0.13606690293108975,0.17099545896053314
baseline,True,32,0.001,70,0.13587100968316748,0.17248040437698364
baseline,True,32,0.001,71,0.1356873956212291,0.171011283993721
baseline,True,32,0.001,72,0.1355370315247112,0.171756774187088
baseline,True,32,0.001,73,0.13540244665410783,0.17136773467063904
baseline,True,32,0.001,74,0.135167387481089,0.17121143639087677
baseline,True,32,0.001,75,0.13499546355671352,0.17066913843154907
baseline,True,32,0.001,76,0.13484728786680433,0.17104095220565796
baseline,True,32,0.001,77,0.1347541923213888,0.17141729593276978
baseline,True,32,0.001,78,0.13462122187570288,0.1709938794374466
baseline,True,32,0.001,79,0.13461492198484915,0.17083904147148132
baseline,True,32,0.001,80,0.13444083204975835,0.17080527544021606
baseline,True,32,0.001,81,0.1341965068048901,0.17074143886566162
baseline,True,32,0.001,82,0.13415249593831874,0.17104902863502502
baseline,True,32,0.001,83,0.1340403929683897,0.17026278376579285
baseline,True,32,0.001,84,0.1339211943635234,0.1717199683189392
baseline,True,32,0.001,85,0.13380477488040923,0.17025458812713623
baseline,True,32,0.001,86,0.13371485976157366,0.17115528881549835
baseline,True,32,0.001,87,0.1337696709677025,0.16948948800563812
baseline,True,32,0.001,88,0.1334854472235397,0.17192484438419342
baseline,True,32,0.001,89,0.13325722712057608,0.1693156361579895
baseline,True,32,0.001,90,0.13313884451433464,0.1708478033542633
baseline,True,32,0.001,91,0.13314888102036934,0.17023298144340515
baseline,True,32,0.001,92,0.13292363888687558,0.16962909698486328
baseline,True,32,0.001,93,0.13286232230839906,0.1707301139831543
baseline,True,32,0.001,94,0.1327581865257687,0.1697237640619278
baseline,True,32,0.001,95,0.13267625855074988,0.1694870889186859
baseline,True,32,0.001,96,0.13256311663874873,0.17047441005706787
baseline,True,32,0.001,97,0.13249693135420482,0.16972103714942932
baseline,True,32,0.0001,1,0.6761585448406361,0.6689030528068542
baseline,True,32,0.0001,2,0.6717737030982971,0.6653690934181213
baseline,True,32,0.0001,3,0.6674270676683497,0.6616179347038269
baseline,True,32,0.0001,4,0.6630844198332893,0.658096194267273
baseline,True,32,0.0001,5,0.6587327364639,0.6546309590339661
baseline,True,32,0.0001,6,0.6543850194083319,0.6510133147239685
baseline,True,32,0.0001,7,0.6500220455946746,0.647400438785553
baseline,True,32,0.0001,8,0.6456249197324117,0.6438506841659546
baseline,True,32,0.0001,9,0.6411813850756045,0.6403082609176636
baseline,True,32,0.0001,10,0.6367023807101779,0.6365986466407776
baseline,True,32,0.0001,11,0.6321547747541357,0.6328309178352356
baseline,True,32,0.0001,12,0.6275350665163111,0.6290268301963806
baseline,True,32,0.0001,13,0.6228221538331774,0.6251273155212402
baseline,True,32,0.0001,14,0.6180290224817064,0.6211693286895752
baseline,True,32,0.0001,15,0.6131352116443493,0.6170235872268677
baseline,True,32,0.0001,16,0.6081475412404096,0.612854540348053
baseline,True,32,0.0001,17,0.6030642878567731,0.6086052656173706
baseline,True,32,0.0001,18,0.5978958363003201,0.604297399520874
baseline,True,32,0.0001,19,0.5926235072701066,0.5998594760894775
baseline,True,32,0.0001,20,0.5872730838810956,0.5952339172363281
baseline,True,32,0.0001,21,0.5818004463337085,0.5905637145042419
baseline,True,32,0.0001,22,0.5762545704841614,0.5858131051063538
baseline,True,32,0.0001,23,0.5706141706749245,0.5807468891143799
baseline,True,32,0.0001,24,0.5648867145291081,0.5756413340568542
baseline,True,32,0.0001,25,0.5590696711893435,0.5705693364143372
baseline,True,32,0.0001,26,0.5531601187917922,0.5653343796730042
baseline,True,32,0.0001,27,0.547175286522618,0.5598852634429932
baseline,True,32,0.0001,28,0.541092522320924,0.5543822050094604
baseline,True,32,0.0001,29,0.5349229059395967,0.5487338304519653
baseline,True,32,0.0001,30,0.5286882683965894,0.5431320071220398
baseline,True,32,0.0001,31,0.5223923125090423,0.5373846888542175
baseline,True,32,0.0001,32,0.5160291805090728,0.5316189527511597
baseline,True,32,0.0001,33,0.5096473334453724,0.5258845686912537
baseline,True,32,0.0001,34,0.5031978947144967,0.5200904011726379
baseline,True,32,0.0001,35,0.4967083936708945,0.5143563747406006
baseline,True,32,0.0001,36,0.4901871611012353,0.5085840821266174
baseline,True,32,0.0001,37,0.4836710924572415,0.5027191042900085
baseline,True,32,0.0001,38,0.47710684820457744,0.49704232811927795
baseline,True,32,0.0001,39,0.4705457696208247,0.49141135811805725
baseline,True,32,0.0001,40,0.464042719911646,0.48572060465812683
baseline,True,32,0.0001,41,0.45752800800182203,0.48031100630760193
baseline,True,32,0.0001,42,0.45107228914896647,0.47490113973617554
baseline,True,32,0.0001,43,0.4446667086636579,0.4696125388145447
baseline,True,32,0.0001,44,0.4383336047773008,0.46439093351364136
baseline,True,32,0.0001,45,0.4320411562036585,0.4591626822948456
baseline,True,32,0.0001,46,0.42586362538514316,0.45414999127388
baseline,True,32,0.0001,47,0.41974761521374737,0.44921156764030457
baseline,True,32,0.0001,48,0.4137316732053404,0.4443804919719696
baseline,True,32,0.0001,49,0.40780520099180717,0.4396568536758423
baseline,True,32,0.0001,50,0.40199084608643143,0.43490853905677795
baseline,True,32,0.0001,51,0.39628594045285825,0.43044131994247437
baseline,True,32,0.0001,52,0.3906913888895953,0.4259550869464874
baseline,True,32,0.0001,53,0.38522191144801954,0.42158618569374084
baseline,True,32,0.0001,54,0.3798467108496913,0.4173782467842102
baseline,True,32,0.0001,55,0.37458910297464443,0.4132300913333893
baseline,True,32,0.0001,56,0.3694640510612064,0.40914714336395264
baseline,True,32,0.0001,57,0.3644451054820308,0.4051437973976135
baseline,True,32,0.0001,58,0.3595400827019303,0.4010917842388153
baseline,True,32,0.0001,59,0.3547449015246497,0.39715859293937683
baseline,True,32,0.0001,60,0.3500763483400698,0.3934703767299652
baseline,True,32,0.0001,61,0.34550086167123584,0.3897128701210022
baseline,True,32,0.0001,62,0.3410491844901332,0.3861190974712372
baseline,True,32,0.0001,63,0.3367029454089977,0.38257843255996704
baseline,True,32,0.0001,64,0.3324664510620965,0.37905728816986084
baseline,True,32,0.0001,65,0.328351467318005,0.37559449672698975
baseline,True,32,0.0001,66,0.324326983027988,0.37242770195007324
baseline,True,32,0.0001,67,0.32041137205229864,0.3691466748714447
baseline,True,32,0.0001,68,0.3165937783983019,0.3660905957221985
baseline,True,32,0.0001,69,0.31289779870598405,0.3630598485469818
baseline,True,32,0.0001,70,0.3092764680473893,0.3600633144378662
baseline,True,32,0.0001,71,0.30574484441015454,0.3571479618549347
baseline,True,32,0.0001,72,0.30232066295765064,0.35433828830718994
baseline,True,32,0.0001,73,0.29899509893523324,0.3515317440032959
baseline,True,32,0.0001,74,0.2957397543500971,0.34872913360595703
baseline,True,32,0.0001,75,0.29259188409204834,0.34605127573013306
baseline,True,32,0.0001,76,0.2895218537913428,0.3433607518672943
baseline,True,32,0.0001,77,0.28653376270223546,0.3407474160194397
baseline,True,32,0.0001,78,0.283621693805412,0.33826789259910583
baseline,True,32,0.0001,79,0.28079380728580333,0.33579859137535095
baseline,True,32,0.0001,80,0.2780298184023963,0.33350276947021484
baseline,True,32,0.0001,81,0.27536646838541384,0.3312414288520813
baseline,True,32,0.0001,82,0.2727531410588159,0.32908135652542114
baseline,True,32,0.0001,83,0.27022167762120564,0.3269498646259308
baseline,True,32,0.0001,84,0.26774808481887535,0.32473304867744446
baseline,True,32,0.0001,85,0.2653500928039904,0.32262706756591797
baseline,True,32,0.0001,86,0.26302107647613243,0.320656955242157
baseline,True,32,0.0001,87,0.2607508407698737,0.31857240200042725
baseline,True,32,0.0001,88,0.25853615665877305,0.3167014420032501
baseline,True,32,0.0001,89,0.2563767005999883,0.3147473633289337
baseline,True,32,0.0001,90,0.25428961983433473,0.3128768801689148
baseline,True,32,0.0001,91,0.2522529783293053,0.31110817193984985
baseline,True,32,0.0001,92,0.25026925954553814,0.30931946635246277
baseline,True,32,0.0001,93,0.24834133766315603,0.3075910806655884
baseline,True,32,0.0001,94,0.24646140076495984,0.3059232532978058
baseline,True,32,0.0001,95,0.2446453278153031,0.3040223717689514
baseline,True,32,0.0001,96,0.24288150476084816,0.3023589849472046
baseline,True,32,0.0001,97,0.2411327556769053,0.30076178908348083
baseline,True,32,0.0001,98,0.23945167320745964,0.2993052303791046
baseline,True,32,0.0001,99,0.2378114319289172,0.2977505922317505
baseline,True,32,0.0001,100,0.2362252692160783,0.2961009442806244
baseline,True,64-32,0.001,1,0.6278002376909609,0.6285311579704285
baseline,True,64-32,0.001,2,0.5763647149227283,0.5746477842330933
baseline,True,64-32,0.001,3,0.4939773016505771,0.48475250601768494
baseline,True,64-32,0.001,4,0.38085746416339167,0.37838825583457947
baseline,True,64-32,0.001,5,0.2689946428713975,0.29610475897789
baseline,True,64-32,0.001,6,0.20369953162140317,0.2558147609233856
baseline,True,64-32,0.001,7,0.17995874009750507,0.24099943041801453
baseline,True,64-32,0.001,8,0.17195813443925645,0.2317618578672409
baseline,True,64-32,0.001,9,0.16716373690852412,0.22545889019966125
baseline,True,64-32,0.001,10,0.16312603418473845,0.21478508412837982
baseline,True,64-32,0.001,11,0.15950919676710057,0.21585436165332794
baseline,True,64-32,0.001,12,0.1556106761429045,0.19820281863212585
baseline,True,64-32,0.001,13,0.15242456495761872,0.1938992291688919
baseline,True,64-32,0.001,14,0.14965289926087416,0.18782205879688263
baseline,True,64-32,0.001,15,0.1467677512102657,0.18633577227592468
baseline,True,64-32,0.001,16,0.14448511088335955,0.18580672144889832
baseline,True,64-32,0.001,17,0.14285110917356278,0.17828789353370667
baseline,True,64-32,0.001,18,0.1412031833993064,0.17704108357429504
baseline,True,64-32,0.001,19,0.14006657426004057,0.17977292835712433
baseline,True,64-32,0.001,20,0.1387030785172074,0.17749139666557312
baseline,True,64-32,0.001,21,0.13774956857716597,0.1717798262834549
baseline,True,64-32,0.001,22,0.13706898980670504,0.1716761440038681
baseline,True,64-32,0.001,23,0.13612062648490622,0.17638924717903137
baseline,True,64-32,0.001,24,0.13585238567105046,0.17629259824752808
baseline,True,64-32,0.001,25,0.1355244270739732,0.17003975808620453
baseline,True,64-32,0.001,26,0.1344349506938899,0.17019520699977875
baseline,True,64-32,0.001,27,0.13399645577978206,0.16992302238941193
baseline,True,64-32,0.001,28,0.13345212296203332,0.17001838982105255
baseline,True,64-32,0.001,29,0.13343352056211896,0.1695723533630371
baseline,True,64-32,0.001,30,0.13282468603716957,0.16866080462932587
baseline,True,64-32,0.001,31,0.1332191726454982,0.17309285700321198
baseline,True,64-32,0.001,32,0.13209904579100784,0.17111453413963318
baseline,True,64-32,0.001,33,0.13191693765145762,0.1686953604221344
baseline,True,64-32,0.001,34,0.13124399190699612,0.17334015667438507
baseline,True,64-32,0.001,35,0.1313221130989216,0.17046105861663818
baseline,True,64-32,0.001,36,0.1308784262118516,0.17019563913345337
baseline,True,64-32,0.001,37,0.13101957495565766,0.1747303009033203
baseline,True,64-32,0.001,38,0.13065708345837063,0.16995184123516083
baseline,True,64-32,0.0001,1,0.6436717434282656,0.6594929099082947
baseline,True,64-32,0.0001,2,0.6398035540404143,0.656550943851471
baseline,True,64-32,0.0001,3,0.635826709093871,0.6532481908798218
baseline,True,64-32,0.0001,4,0.6316711272133722,0.6499581933021545
baseline,True,64-32,0.0001,5,0.6272530050630922,0.6464325785636902
baseline,True,64-32,0.0001,6,0.6225048670062312,0.6423495411872864
baseline,True,64-32,0.0001,7,0.6173189416638127,0.6378467679023743
baseline,True,64-32,0.0001,8,0.6115100381992481,0.6328285932540894
baseline,True,64-32,0.0001,9,0.6049362579981487,0.6271633505821228
baseline,True,64-32,0.0001,10,0.5975316836215832,0.620581328868866
baseline,True,64-32,0.0001,11,0.589168908684342,0.613216757774353
baseline,True,64-32,0.0001,12,0.579880022737715,0.6051815748214722
baseline,True,64-32,0.0001,13,0.5696586304240756,0.5963807106018066
baseline,True,64-32,0.0001,14,0.5586489809883965,0.58693927526474
baseline,True,64-32,0.0001,15,0.5468805914454989,0.5767487287521362
baseline,True,64-32,0.0001,16,0.534432302404333,0.5660550594329834
baseline,True,64-32,0.0001,17,0.5213395614977236,0.5548181533813477
baseline,True,64-32,0.0001,18,0.5077172336754976,0.5431632399559021
baseline,True,64-32,0.0001,19,0.4935783634803913,0.5308813452720642
baseline,True,64-32,0.0001,20,0.4789943688004105,0.5179574489593506
baseline,True,64-32,0.0001,21,0.4637296288543277,0.5045099854469299
baseline,True,64-32,0.0001,22,0.4478006026038417,0.49040329456329346
baseline,True,64-32,0.0001,23,0.43122701397648566,0.4755525290966034
baseline,True,64-32,0.0001,24,0.41449398632402773,0.4608868956565857
baseline,True,64-32,0.0001,25,0.3979769569856149,0.4467257261276245
baseline,True,64-32,0.0001,26,0.38179680506388347,0.4327610731124878
baseline,True,64-32,0.0001,27,0.3661487412011182,0.4189915955066681
baseline,True,64-32,0.0001,28,0.35108285749400103,0.40581801533699036
baseline,True,64-32,0.0001,29,0.3366734692343959,0.39304542541503906
baseline,True,64-32,0.0001,30,0.32301601935316016,0.3810109496116638
baseline,True,64-32,0.0001,31,0.3101410271503307,0.36935698986053467
baseline,True,64-32,0.0001,32,0.2980219107645529,0.35843223333358765
baseline,True,64-32,0.0001,33,0.28679717099225077,0.3484402894973755
baseline,True,64-32,0.0001,34,0.2763523640897539,0.3390309512615204
baseline,True,64-32,0.0001,35,0.2667012642489539,0.33049753308296204
baseline,True,64-32,0.0001,36,0.25785011141388503,0.32236817479133606
baseline,True,64-32,0.0001,37,0.249756925812474,0.3142866790294647
baseline,True,64-32,0.0001,38,0.24231499166400344,0.30732986330986023
baseline,True,64-32,0.0001,39,0.23559131659843305,0.3009275197982788
baseline,True,64-32,0.0001,40,0.2295880201127794,0.2948094308376312
baseline,True,64-32,0.0001,41,0.2240885604090161,0.2901342809200287
baseline,True,64-32,0.0001,42,0.21909368601110246,0.2854628562927246
baseline,True,64-32,0.0001,43,0.2146293297741148,0.2812711000442505
baseline,True,64-32,0.0001,44,0.2105938885609309,0.27733367681503296
baseline,True,64-32,0.0001,45,0.20691725145887446,0.27328184247016907
baseline,True,64-32,0.0001,46,0.20359898999885276,0.2703574597835541
baseline,True,64-32,0.0001,47,0.2006041673598466,0.2675531506538391
baseline,True,64-32,0.0001,48,0.19785891201761033,0.26494279503822327
baseline,True,64-32,0.0001,49,0.19536249611112808,0.26248472929000854
baseline,True,64-32,0.0001,50,0.19307686501079135,0.259725421667099
baseline,True,64-32,0.0001,51,0.19096394688994797,0.25813689827919006
baseline,True,64-32,0.0001,52,0.18904658887121412,0.25602707266807556
baseline,True,64-32,0.0001,53,0.18729113417643087,0.2541654407978058
baseline,True,64-32,0.0001,54,0.18562090158462524,0.25287139415740967
baseline,True,64-32,0.0001,55,0.18410679320494333,0.251233845949173
baseline,True,64-32,0.0001,56,0.18272205920131118,0.24955585598945618
baseline,True,64-32,0.0001,57,0.18140980530668188,0.24801622331142426
baseline,True,64-32,0.0001,58,0.18017407097198346,0.24576622247695923
baseline,True,64-32,0.0001,59,0.17901711689101324,0.24425798654556274
baseline,True,64-32,0.0001,60,0.17795521005436227,0.24379704892635345
baseline,True,64-32,0.0001,61,0.1769106364250183,0.24214018881320953
baseline,True,64-32,0.0001,62,0.17593642161952125,0.2410813421010971
baseline,True,64-32,0.0001,63,0.17504324354507306,0.23987029492855072
baseline,True,64-32,0.0001,64,0.17414300978183747,0.23813679814338684
baseline,True,64-32,0.0001,65,0.17333923829926384,0.2367253303527832
baseline,True,64-32,0.0001,66,0.17252990131024962,0.23691752552986145
baseline,True,64-32,0.0001,67,0.1717740458029288,0.2352270781993866
baseline,True,64-32,0.0001,68,0.1710446251321722,0.23464633524417877
baseline,True,64-32,0.0001,69,0.17034421167991778,0.23359738290309906
baseline,True,64-32,0.0001,70,0.1696790839124609,0.23220907151699066
baseline,True,64-32,0.0001,71,0.16902019368277657,0.23104307055473328
baseline,True,64-32,0.0001,72,0.16838652149394706,0.23020142316818237
baseline,True,64-32,0.0001,73,0.16777906071256707,0.22903972864151
baseline,True,64-32,0.0001,74,0.16717586678487284,0.22761818766593933
baseline,True,64-32,0.0001,75,0.16662645922766792,0.22693459689617157
baseline,True,64-32,0.0001,76,0.1660485115536937,0.22544363141059875
baseline,True,64-32,0.0001,77,0.165525942908393,0.22438649833202362
baseline,True,64-32,0.0001,78,0.16496517850293055,0.22425410151481628
baseline,True,64-32,0.0001,79,0.1644428993154455,0.22320906817913055
baseline,True,64-32,0.0001,80,0.16391980168996034,0.2225777804851532
baseline,True,64-32,0.0001,81,0.16342646172753086,0.22180341184139252
baseline,True,64-32,0.0001,82,0.16291133249247516,0.22117502987384796
baseline,True,64-32,0.0001,83,0.16243762890497843,0.2200229912996292
baseline,True,64-32,0.0001,84,0.16197288709658164,0.21858078241348267
baseline,True,64-32,0.0001,85,0.1614875672592057,0.21783484518527985
baseline,True,64-32,0.0001,86,0.16104446865894176,0.217815101146698
baseline,True,64-32,0.0001,87,0.16060791386498346,0.2160540521144867
baseline,True,64-32,0.0001,88,0.16014871926219376,0.21576644480228424
baseline,True,64-32,0.0001,89,0.1597132283449173,0.2146814614534378
baseline,True,64-32,0.0001,90,0.15929055282363186,0.21350635588169098
baseline,True,64-32,0.0001,91,0.15888687358962164,0.21332918107509613
baseline,True,64-32,0.0001,92,0.15845502217610677,0.21217890083789825
baseline,True,64-32,0.0001,93,0.15806594139999813,0.21126443147659302
baseline,True,64-32,0.0001,94,0.15767478280597264,0.2106136977672577
baseline,True,64-32,0.0001,95,0.15729029375093956,0.20842495560646057
baseline,True,64-32,0.0001,96,0.15689472719475075,0.20815962553024292
baseline,True,64-32,0.0001,97,0.15649647227040045,0.2081030160188675
baseline,True,64-32,0.0001,98,0.1561408868763182,0.2081703096628189
baseline,True,64-32,0.0001,99,0.15573692969701908,0.20671388506889343
baseline,True,64-32,0.0001,100,0.1553866700772886,0.20461872220039368
baseline,True,128-64,0.001,1,0.6268949272897508,0.5851089954376221
baseline,True,128-64,0.001,2,0.46024357729487947,0.4163040816783905
baseline,True,128-64,0.001,3,0.2760443161814301,0.27126267552375793
baseline,True,128-64,0.001,4,0.18455466312390786,0.2418898642063141
baseline,True,128-64,0.001,5,0.1687826414461489,0.23202592134475708
baseline,True,128-64,0.001,6,0.16528770519627464,0.2263677716255188
baseline,True,128-64,0.001,7,0.16111604354999684,0.21547472476959229
baseline,True,128-64,0.001,8,0.15678879737854004,0.20353929698467255
baseline,True,128-64,0.001,9,0.1526398688113248,0.2041315734386444
baseline,True,128-64,0.001,10,0.14928841175856414,0.19767972826957703
baseline,True,128-64,0.001,11,0.14644531706968944,0.1944642961025238
baseline,True,128-64,0.001,12,0.1433735434876548,0.1875389665365219
baseline,True,128-64,0.001,13,0.1419878305108459,0.1823221892118454
baseline,True,128-64,0.001,14,0.14045368565453423,0.17917145788669586
baseline,True,128-64,0.001,15,0.13808482279380163,0.17919063568115234
baseline,True,128-64,0.001,16,0.1364871539009942,0.18031536042690277
baseline,True,128-64,0.001,17,0.13567411897359072,0.17652970552444458
baseline,True,128-64,0.001,18,0.13461214412141728,0.17463000118732452
baseline,True,128-64,0.001,19,0.13416728678676818,0.17632411420345306
baseline,True,128-64,0.001,20,0.13336505823665196,0.17901352047920227
baseline,True,128-64,0.001,21,0.13255157026979658,0.17380163073539734
baseline,True,128-64,0.001,22,0.1320386940682376,0.17284221947193146
baseline,True,128-64,0.001,23,0.13161052410249358,0.17613485455513
baseline,True,128-64,0.001,24,0.1312694176590001,0.18120136857032776
baseline,True,128-64,0.001,25,0.13126722664744767,0.17513255774974823
baseline,True,128-64,0.001,26,0.13027064833376142,0.17271453142166138
baseline,True,128-64,0.001,27,0.12999193615383572,0.17215824127197266
baseline,True,128-64,0.001,28,0.1294946440943965,0.17288003861904144
baseline,True,128-64,0.001,29,0.1292616617348459,0.17371781170368195
baseline,True,128-64,0.001,30,0.12841811489175867,0.17289143800735474
baseline,True,128-64,0.001,31,0.12859456759911997,0.1752597689628601
baseline,True,128-64,0.001,32,0.12747849487596088,0.1766415238380432
baseline,True,128-64,0.001,33,0.12715516955764206,0.1741218864917755
baseline,True,128-64,0.001,34,0.12646299983616227,0.1776287853717804
baseline,True,128-64,0.001,35,0.1263869011843646,0.17571887373924255
baseline,True,128-64,0.0001,1,0.6847194820863229,0.6770087480545044
baseline,True,128-64,0.0001,2,0.6699977141839487,0.6674976348876953
baseline,True,128-64,0.0001,3,0.6550070116255018,0.6569117307662964
baseline,True,128-64,0.0001,4,0.6395072985578466,0.6461271643638611
baseline,True,128-64,0.0001,5,0.6230075253380669,0.6342849731445312
baseline,True,128-64,0.0001,6,0.6052528845822369,0.6203160881996155
baseline,True,128-64,0.0001,7,0.5859458964842337,0.6045467257499695
baseline,True,128-64,0.0001,8,0.5646905663278368,0.5869254469871521
baseline,True,128-64,0.0001,9,0.5414794626059356,0.5673016905784607
baseline,True,128-64,0.0001,10,0.5166927306740372,0.5454031825065613
baseline,True,128-64,0.0001,11,0.49073329748930755,0.5223410129547119
baseline,True,128-64,0.0001,12,0.46415149004371076,0.4989149272441864
baseline,True,128-64,0.0001,13,0.4372815136997788,0.47501471638679504
baseline,True,128-64,0.0001,14,0.41055611115914803,0.45136111974716187
baseline,True,128-64,0.0001,15,0.38441386889528345,0.4279063642024994
baseline,True,128-64,0.0001,16,0.3591672890716129,0.40554073452949524
baseline,True,128-64,0.0001,17,0.33524340082097936,0.3844253420829773
baseline,True,128-64,0.0001,18,0.3131062648914478,0.3651845157146454
baseline,True,128-64,0.0001,19,0.2929475281415162,0.3473655581474304
baseline,True,128-64,0.0001,20,0.2751027817196316,0.33110979199409485
baseline,True,128-64,0.0001,21,0.2592478481045476,0.3172459304332733
baseline,True,128-64,0.0001,22,0.24565060867203606,0.3052925765514374
baseline,True,128-64,0.0001,23,0.23391628623008728,0.2940886318683624
baseline,True,128-64,0.0001,24,0.22396779627711685,0.28521114587783813
baseline,True,128-64,0.0001,25,0.21560112962016353,0.27853140234947205
baseline,True,128-64,0.0001,26,0.208441964674879,0.27231818437576294
baseline,True,128-64,0.0001,27,0.20242659548918407,0.26662424206733704
baseline,True,128-64,0.0001,28,0.19738344037974323,0.2620767652988434
baseline,True,128-64,0.0001,29,0.19302700025063974,0.25791847705841064
baseline,True,128-64,0.0001,30,0.1893331049327497,0.2550216019153595
baseline,True,128-64,0.0001,31,0.18618846582041845,0.2516854703426361
baseline,True,128-64,0.0001,32,0.18339813298649257,0.24849417805671692
baseline,True,128-64,0.0001,33,0.18104711358193998,0.24621713161468506
baseline,True,128-64,0.0001,34,0.17898412733166305,0.24365133047103882
baseline,True,128-64,0.0001,35,0.17713155973840644,0.24211972951889038
baseline,True,128-64,0.0001,36,0.17548086239231958,0.24013051390647888
baseline,True,128-64,0.0001,37,0.17403628391248208,0.23793789744377136
baseline,True,128-64,0.0001,38,0.17269300725724962,0.2368951439857483
baseline,True,128-64,0.0001,39,0.17148848008226467,0.23544909060001373
baseline,True,128-64,0.0001,40,0.17043058313705303,0.2332373559474945
baseline,True,128-64,0.0001,41,0.16943447764273042,0.23300741612911224
baseline,True,128-64,0.0001,42,0.1684562936977104,0.2311764359474182
baseline,True,128-64,0.0001,43,0.1675978374260443,0.2299068123102188
baseline,True,128-64,0.0001,44,0.16680206753589488,0.2283421903848648
baseline,True,128-64,0.0001,45,0.1660458547759939,0.22623251378536224
baseline,True,128-64,0.0001,46,0.16531644487822497,0.22620676457881927
baseline,True,128-64,0.0001,47,0.16463926240249915,0.22534550726413727
baseline,True,128-64,0.0001,48,0.16398309138086106,0.22409124672412872
baseline,True,128-64,0.0001,49,0.16336360622335364,0.22300420701503754
baseline,True,128-64,0.0001,50,0.16277459135761968,0.2208860218524933
baseline,True,128-64,0.0001,51,0.16217482498398533,0.22109127044677734
baseline,True,128-64,0.0001,52,0.16160868785999438,0.2197505682706833
baseline,True,128-64,0.0001,53,0.16108582746099542,0.2184806764125824
baseline,True,128-64,0.0001,54,0.1605246704816818,0.21823139488697052
baseline,True,128-64,0.0001,55,0.16001387666772912,0.2170952558517456
baseline,True,128-64,0.0001,56,0.15952062099068254,0.21567796170711517
baseline,True,128-64,0.0001,57,0.15904110729694365,0.21476632356643677
baseline,True,128-64,0.0001,58,0.1585429090923733,0.21283556520938873
baseline,True,128-64,0.0001,59,0.15805308640003204,0.2124946266412735
baseline,True,128-64,0.0001,60,0.1576069379956634,0.21290826797485352
baseline,True,128-64,0.0001,61,0.15712008584428716,0.21086600422859192
baseline,True,128-64,0.0001,62,0.1566481920304122,0.21031194925308228
baseline,True,128-64,0.0001,63,0.1562158779303233,0.2096066176891327
baseline,True,128-64,0.0001,64,0.15576579628167328,0.20786282420158386
baseline,True,128-64,0.0001,65,0.1553402579051477,0.20701806247234344
baseline,True,128-64,0.0001,66,0.1549006337589688,0.20846332609653473
baseline,True,128-64,0.0001,67,0.15449573179086049,0.2058316320180893
baseline,True,128-64,0.0001,68,0.15401816257724055,0.2054729163646698
baseline,True,128-64,0.0001,69,0.15358808899367296,0.20476900041103363
baseline,True,128-64,0.0001,70,0.15317186335722605,0.20387250185012817
baseline,True,128-64,0.0001,71,0.15275579108132256,0.20277567207813263
baseline,True,128-64,0.0001,72,0.15234626756774056,0.2022523134946823
baseline,True,128-64,0.0001,73,0.15194194034293845,0.20126131176948547
baseline,True,128-64,0.0001,74,0.15153459158208635,0.20031248033046722
baseline,True,128-64,0.0001,75,0.1511479808224572,0.1998492330312729
baseline,True,128-64,0.0001,76,0.15074589393757007,0.19853796064853668
baseline,True,128-64,0.0001,77,0.15038290776588298,0.1981411576271057
baseline,True,128-64,0.0001,78,0.14997249832859746,0.19844871759414673
baseline,True,128-64,0.0001,79,0.1496151464956778,0.19694440066814423
baseline,True,128-64,0.0001,80,0.14923601512555723,0.19650080800056458
baseline,True,128-64,0.0001,81,0.14886866556273567,0.19614829123020172
baseline,True,128-64,0.0001,82,0.1485277298865495,0.19579045474529266
baseline,True,128-64,0.0001,83,0.14816137898851325,0.1944262534379959
baseline,True,128-64,0.0001,84,0.14786712476500757,0.19365733861923218
baseline,True,128-64,0.0001,85,0.1474916203154458,0.19365805387496948
baseline,True,128-64,0.0001,86,0.1471823626315152,0.1938650757074356
baseline,True,128-64,0.0001,87,0.14688218046117713,0.19149428606033325
baseline,True,128-64,0.0001,88,0.14652476481817386,0.1919979453086853
baseline,True,128-64,0.0001,89,0.1462070874041981,0.1915515810251236
baseline,True,128-64,0.0001,90,0.14590775584733046,0.19033527374267578
baseline,True,128-64,0.0001,91,0.14561371680763033,0.19062890112400055
baseline,True,128-64,0.0001,92,0.145286964641677,0.18960316479206085
baseline,True,128-64,0.0001,93,0.14500967835938489,0.1890861690044403
baseline,True,128-64,0.0001,94,0.14473295739403477,0.18876788020133972
baseline,True,128-64,0.0001,95,0.1444545638119733,0.1871042549610138
baseline,True,128-64,0.0001,96,0.1441522154543135,0.1876005381345749
baseline,True,128-64,0.0001,97,0.14387772688159237,0.1877264678478241
baseline,True,128-64,0.0001,98,0.14362328995157173,0.1873912215232849
baseline,True,128-64,0.0001,99,0.14331839682879272,0.1861458122730255
baseline,True,128-64,0.0001,100,0.14310538249987143,0.18473833799362183
augmented,False,32,0.001,1,0.609226904798437,0.6265628337860107
augmented,False,32,0.001,2,0.5568732138916298,0.5730603337287903
augmented,False,32,0.001,3,0.5070651302514253,0.5239729285240173
augmented,False,32,0.001,4,0.45842511543521175,0.47915026545524597
augmented,False,32,0.001,5,0.4108872823361997,0.43667128682136536
augmented,False,32,0.001,6,0.3654301128122542,0.3971700370311737
augmented,False,32,0.001,7,0.32439853694703846,0.3628119230270386
augmented,False,32,0.001,8,0.28919202627959073,0.3349016010761261
augmented,False,32,0.001,9,0.2605634774102105,0.31337493658065796
augmented,False,32,0.001,10,0.23872267687762225,0.2968481183052063
augmented,False,32,0.001,11,0.22250992510053846,0.285264790058136
augmented,False,32,0.001,12,0.21069058162194712,0.2767426371574402
augmented,False,32,0.001,13,0.20211001897299732,0.2699648141860962
augmented,False,32,0.001,14,0.1956801124413808,0.2652953565120697
augmented,False,32,0.001,15,0.1908885790462847,0.26101982593536377
augmented,False,32,0.001,16,0.18705991570596342,0.2576618492603302
augmented,False,32,0.001,17,0.1839619379573398,0.2547405958175659
augmented,False,32,0.001,18,0.18135753287209405,0.2517617642879486
augmented,False,32,0.001,19,0.1790682488017612,0.2488851249217987
augmented,False,32,0.001,20,0.17701967234964724,0.2456134706735611
augmented,False,32,0.001,21,0.17513787081948032,0.2429683804512024
augmented,False,32,0.001,22,0.17344127926561567,0.24032391607761383
augmented,False,32,0.001,23,0.17181389111059683,0.23715418577194214
augmented,False,32,0.001,24,0.17027711784398114,0.23462113738059998
augmented,False,32,0.001,25,0.16879494669260803,0.23302629590034485
augmented,False,32,0.001,26,0.1673962852689955,0.23074644804000854
augmented,False,32,0.001,27,0.16604578576706075,0.22855550050735474
augmented,False,32,0.001,28,0.16472272294538992,0.22643934190273285
augmented,False,32,0.001,29,0.1634679056317718,0.22436946630477905
augmented,False,32,0.001,30,0.1622263687628287,0.22331467270851135
augmented,False,32,0.001,31,0.1610426663910901,0.22078685462474823
augmented,False,32,0.001,32,0.15987328942175263,0.21902887523174286
augmented,False,32,0.001,33,0.15870452264944712,0.21786925196647644
augmented,False,32,0.001,34,0.15759907647415444,0.21606554090976715
augmented,False,32,0.001,35,0.15650260033430877,0.21502430737018585
augmented,False,32,0.001,36,0.1554892470218517,0.21336886286735535
augmented,False,32,0.001,37,0.15448140150970882,0.21135538816452026
augmented,False,32,0.001,38,0.15352124975787268,0.2104334980249405
augmented,False,32,0.001,39,0.1525081882874171,0.2092137187719345
augmented,False,32,0.001,40,0.15160490439997779,0.2076222449541092
augmented,False,32,0.001,41,0.1507296480735143,0.20842619240283966
augmented,False,32,0.001,42,0.14982811751189054,0.20579631626605988
augmented,False,32,0.001,43,0.1489864680281392,0.20484746992588043
augmented,False,32,0.001,44,0.14821789191828832,0.20380133390426636
augmented,False,32,0.001,45,0.14744238312597627,0.20212361216545105
augmented,False,32,0.001,46,0.1466817245439247,0.2015632539987564
augmented,False,32,0.001,47,0.14601842999458314,0.20122893154621124
augmented,False,32,0.001,48,0.14530807883651167,0.20095092058181763
augmented,False,32,0.001,49,0.144684537075184,0.19955644011497498
augmented,False,32,0.001,50,0.14410047579694676,0.19830910861492157
augmented,False,32,0.001,51,0.1434288767752824,0.1991262435913086
augmented,False,32,0.001,52,0.14288322190443675,0.1975468546152115
augmented,False,32,0.001,53,0.14239505215927406,0.1963983178138733
augmented,False,32,0.001,54,0.1418039659217552,0.19749413430690765
augmented,False,32,0.001,55,0.14126869214905632,0.19519437849521637
augmented,False,32,0.001,56,0.1408534100099846,0.1947280913591385
augmented,False,32,0.001,57,0.14039936244487763,0.19408385455608368
augmented,False,32,0.001,58,0.13985532773865594,0.19317655265331268
augmented,False,32,0.001,59,0.13939062270853256,0.1935271918773651
augmented,False,32,0.001,60,0.13893212267646082,0.19334930181503296
augmented,False,32,0.001,61,0.13848662122532174,0.19200772047042847
augmented,False,32,0.001,62,0.13810504387926173,0.19224731624126434
augmented,False,32,0.001,63,0.1377131241891119,0.19249124825000763
augmented,False,32,0.001,64,0.13738328453567292,0.190739244222641
augmented,False,32,0.001,65,0.13692913876639473,0.19095534086227417
augmented,False,32,0.001,66,0.13668497615390354,0.19255301356315613
augmented,False,32,0.001,67,0.13650455545496057,0.18932273983955383
augmented,False,32,0.001,68,0.13582809503431673,0.19105899333953857
augmented,False,32,0.001,69,0.1355536593220852,0.1901850551366806
augmented,False,32,0.001,70,0.13517356314040996,0.18943940103054047
augmented,False,32,0.001,71,0.13486720771701247,0.1892739087343216
augmented,False,32,0.001,72,0.13456540919012494,0.18902501463890076
augmented,False,32,0.001,73,0.13422255443202125,0.18828164041042328
augmented,False,32,0.001,74,0.13392246860044973,0.18808647990226746
augmented,False,32,0.001,75,0.13357787470022836,0.18802708387374878
augmented,False,32,0.001,76,0.13332048764935248,0.18795645236968994
augmented,False,32,0.001,77,0.13300375706619685,0.18765603005886078
augmented,False,32,0.001,78,0.1327159231349274,0.18744023144245148
augmented,False,32,0.001,79,0.13252124768716317,0.18766812980175018
augmented,False,32,0.001,80,0.1321883534281342,0.18727436661720276
augmented,False,32,0.001,81,0.13196808007028368,0.186851367354393
augmented,False,32,0.001,82,0.13185424320123815,0.18746225535869598
augmented,False,32,0.001,83,0.1315812737632681,0.18577249348163605
augmented,False,32,0.001,84,0.13119610531462564,0.18708810210227966
augmented,False,32,0.001,85,0.13099976520847392,0.1867695152759552
augmented,False,32,0.001,86,0.13068334349879512,0.18600551784038544
augmented,False,32,0.001,87,0.13071609068799903,0.185210719704628
augmented,False,32,0.001,88,0.13029973754176388,0.1869322657585144
augmented,False,32,0.001,89,0.13004353644671263,0.18521760404109955
augmented,False,32,0.001,90,0.1299015889344392,0.18485690653324127
augmented,False,32,0.001,91,0.129656203256713,0.18584711849689484
augmented,False,32,0.001,92,0.12935179189399437,0.1849338710308075
augmented,False,32,0.001,93,0.1291451769625699,0.1847309023141861
augmented,False,32,0.001,94,0.12897678172146831,0.18486365675926208
augmented,False,32,0.001,95,0.12871321864702084,0.18467208743095398
augmented,False,32,0.001,96,0.12853978232101157,0.18497416377067566
augmented,False,32,0.001,97,0.1283290230344843,0.18466825783252716
augmented,False,32,0.001,98,0.1280945438808865,0.18454936146736145
augmented,False,32,0.001,99,0.12796719215534352,0.18350784480571747
augmented,False,32,0.001,100,0.12769538625522897,0.18340417742729187
augmented,False,32,0.0001,1,0.6307644220634743,0.6806043982505798
augmented,False,32,0.0001,2,0.6251943761331064,0.6743770241737366
augmented,False,32,0.0001,3,0.6196915740436978,0.6681742072105408
augmented,False,32,0.0001,4,0.614222665892707,0.6622138023376465
augmented,False,32,0.0001,5,0.608822284274631,0.6562817692756653
augmented,False,32,0.0001,6,0.6034563520219591,0.6503025889396667
augmented,False,32,0.0001,7,0.5981281892458598,0.6444576978683472
augmented,False,32,0.0001,8,0.5928121576485811,0.6386740207672119
augmented,False,32,0.0001,9,0.5875062654636525,0.6329600214958191
augmented,False,32,0.0001,10,0.5822542572021484,0.6271989345550537
augmented,False,32,0.0001,11,0.5769838981275205,0.6215372681617737
augmented,False,32,0.0001,12,0.5717230362362332,0.6159243583679199
augmented,False,32,0.0001,13,0.5664590970675151,0.610360324382782
augmented,False,32,0.0001,14,0.5611814910394174,0.6048449873924255
augmented,False,32,0.0001,15,0.5559307173446373,0.5992867946624756
augmented,False,32,0.0001,16,0.5506412993537055,0.5937828421592712
augmented,False,32,0.0001,17,0.5453603029251098,0.5882771611213684
augmented,False,32,0.0001,18,0.5400904248378895,0.5828333497047424
augmented,False,32,0.0001,19,0.5347813093220746,0.5774222016334534
augmented,False,32,0.0001,20,0.5295015587630095,0.5719691514968872
augmented,False,32,0.0001,21,0.5241809025517217,0.5665715336799622
augmented,False,32,0.0001,22,0.5188710313373142,0.5612360835075378
augmented,False,32,0.0001,23,0.5135766985681322,0.55582594871521
augmented,False,32,0.0001,24,0.5082586325097967,0.5505120158195496
augmented,False,32,0.0001,25,0.5029631796589604,0.5452492237091064
augmented,False,32,0.0001,26,0.4976525339815352,0.5400024652481079
augmented,False,32,0.0001,27,0.49234776311450534,0.5347821116447449
augmented,False,32,0.0001,28,0.48705506174652663,0.5296031832695007
augmented,False,32,0.0001,29,0.4817615430884891,0.5244486927986145
augmented,False,32,0.0001,30,0.476482478512658,0.5193876624107361
augmented,False,32,0.0001,31,0.47122063888443844,0.5142989754676819
augmented,False,32,0.0001,32,0.46593524164623684,0.5092747807502747
augmented,False,32,0.0001,33,0.4607079482961584,0.5042791962623596
augmented,False,32,0.0001,34,0.4554734157632898,0.4993191957473755
augmented,False,32,0.0001,35,0.4502687269669992,0.4944053292274475
augmented,False,32,0.0001,36,0.445059725134461,0.4895343482494354
augmented,False,32,0.0001,37,0.43991789208518134,0.4846259653568268
augmented,False,32,0.0001,38,0.4347608606903641,0.4798397421836853
augmented,False,32,0.0001,39,0.42967351860470243,0.4750692546367645
augmented,False,32,0.0001,40,0.42462068032335354,0.47033193707466125
augmented,False,32,0.0001,41,0.41958503387592455,0.46573013067245483
augmented,False,32,0.0001,42,0.41459185516392744,0.46111294627189636
augmented,False,32,0.0001,43,0.4096372264402884,0.456558495759964
augmented,False,32,0.0001,44,0.40471893796214353,0.45205748081207275
augmented,False,32,0.0001,45,0.39985058978751853,0.44754597544670105
augmented,False,32,0.0001,46,0.39503626748367593,0.4431242346763611
augmented,False,32,0.0001,47,0.3902609379644747,0.4387296736240387
augmented,False,32,0.0001,48,0.38552823384602863,0.4344133138656616
augmented,False,32,0.0001,49,0.38085663720413493,0.4301444888114929
augmented,False,32,0.0001,50,0.37623742628980567,0.4258832633495331
augmented,False,32,0.0001,51,0.37166542326962504,0.42174211144447327
augmented,False,32,0.0001,52,0.3671548391271521,0.41764035820961
augmented,False,32,0.0001,53,0.3627199863945996,0.4135972261428833
augmented,False,32,0.0001,54,0.3583149293616966,0.4096683859825134
augmented,False,32,0.0001,55,0.35400039659606086,0.40575873851776123
augmented,False,32,0.0001,56,0.3497364161191163,0.40192240476608276
augmented,False,32,0.0001,57,0.3455482338092945,0.39814436435699463
augmented,False,32,0.0001,58,0.3414271436797248,0.3943335711956024
augmented,False,32,0.0001,59,0.33734489767639725,0.3906344771385193
augmented,False,32,0.0001,60,0.33335409539717215,0.38706639409065247
augmented,False,32,0.0001,61,0.32942495725772997,0.38350069522857666
augmented,False,32,0.0001,62,0.3255584847927093,0.38001611828804016
augmented,False,32,0.0001,63,0.32178307829079805,0.3765849471092224
augmented,False,32,0.0001,64,0.31805004247912655,0.3732294738292694
augmented,False,32,0.0001,65,0.3144282628871776,0.36991676688194275
augmented,False,32,0.0001,66,0.31085460446499014,0.3667709231376648
augmented,False,32,0.0001,67,0.30736257319097166,0.3635978400707245
augmented,False,32,0.0001,68,0.3039441273389039,0.36056745052337646
augmented,False,32,0.0001,69,0.3006136202370679,0.3575943112373352
augmented,False,32,0.0001,70,0.29734856252317077,0.3546510636806488
augmented,False,32,0.0001,71,0.2941399277139593,0.35179728269577026
augmented,False,32,0.0001,72,0.29101837334809477,0.3490231931209564
augmented,False,32,0.0001,73,0.2879780204207809,0.3462916612625122
augmented,False,32,0.0001,74,0.2849873476558261,0.3435938358306885
augmented,False,32,0.0001,75,0.28209727817111546,0.34098151326179504
augmented,False,32,0.0001,76,0.27925674504703946,0.3384360671043396
augmented,False,32,0.0001,77,0.27649255456747834,0.33593690395355225
augmented,False,32,0.0001,78,0.2737999877664778,0.33352166414260864
augmented,False,32,0.0001,79,0.2711739950268357,0.33115965127944946
augmented,False,32,0.0001,80,0.26859508699840967,0.32891616225242615
augmented,False,32,0.0001,81,0.2661243783544611,0.32668736577033997
augmented,False,32,0.0001,82,0.26366548290959113,0.32460057735443115
augmented,False,32,0.0001,83,0.26131176670392353,0.3224988579750061
augmented,False,32,0.0001,84,0.25899491486725984,0.3204568922519684
augmented,False,32,0.0001,85,0.2567395533014227,0.3184807002544403
augmented,False,32,0.0001,86,0.2545645820432239,0.3165569603443146
augmented,False,32,0.0001,87,0.2524293561555721,0.3146425783634186
augmented,False,32,0.0001,88,0.250352180953379,0.3128527104854584
augmented,False,32,0.0001,89,0.24832796730377055,0.3110817074775696
augmented,False,32,0.0001,90,0.24636570548569714,0.30934977531433105
augmented,False,32,0.0001,91,0.24446056211436237,0.30768123269081116
augmented,False,32,0.0001,92,0.24259021215968662,0.3060670793056488
augmented,False,32,0.0001,93,0.24078466739919452,0.30451133847236633
augmented,False,32,0.0001,94,0.23902708654050475,0.3029514253139496
augmented,False,32,0.0001,95,0.23732114721227576,0.3013862073421478
augmented,False,32,0.0001,96,0.23568052382380875,0.2998824715614319
augmented,False,32,0.0001,97,0.23403707877353386,0.29848018288612366
augmented,False,32,0.0001,98,0.23247317219222033,0.2971456050872803
augmented,False,32,0.0001,99,0.23094340984468106,0.29581522941589355
augmented,False,32,0.0001,100,0.22946716840620393,0.29445692896842957
augmented,False,64-32,0.001,1,0.5865199514671608,0.5800564289093018
augmented,False,64-32,0.001,2,0.4883135390281677,0.5000150203704834
augmented,False,64-32,0.001,3,0.37304130284874526,0.40850645303726196
augmented,False,64-32,0.001,4,0.27073689383489113,0.3438146710395813
augmented,False,64-32,0.001,5,0.21422840776266874,0.31174731254577637
augmented,False,64-32,0.001,6,0.19513802704987704,0.29001155495643616
augmented,False,64-32,0.001,7,0.1883386559177328,0.2714199125766754
augmented,False,64-32,0.001,8,0.18345962277165165,0.25919708609580994
augmented,False,64-32,0.001,9,0.17961583762257188,0.25113558769226074
augmented,False,64-32,0.001,10,0.17626020460217087,0.24581271409988403
augmented,False,64-32,0.001,11,0.17327270092787567,0.24294345080852509
augmented,False,64-32,0.001,12,0.17044484981784114,0.23922938108444214
augmented,False,64-32,0.001,13,0.16778126612857536,0.2347717583179474
augmented,False,64-32,0.001,14,0.16516139679484898,0.23181556165218353
augmented,False,64-32,0.001,15,0.16250429722997878,0.2289760708808899
augmented,False,64-32,0.001,16,0.16002103686332703,0.22799301147460938
augmented,False,64-32,0.001,17,0.15752200411425696,0.22450114786624908
augmented,False,64-32,0.001,18,0.155048991839091,0.22289393842220306
augmented,False,64-32,0.001,19,0.15270570638003172,0.2205309271812439
augmented,False,64-32,0.001,20,0.15023862346454903,0.216248020529747
augmented,False,64-32,0.001,21,0.1478183110113497,0.21515542268753052
augmented,False,64-32,0.001,22,0.1454535185849225,0.2110895961523056
augmented,False,64-32,0.001,23,0.14333001339877094,0.20768176019191742
augmented,False,64-32,0.001,24,0.1408840955186773,0.20678654313087463
augmented,False,64-32,0.001,25,0.1388587871304265,0.20260053873062134
augmented,False,64-32,0.001,26,0.1368225176577215,0.20044466853141785
augmented,False,64-32,0.001,27,0.1352465605073505,0.19536973536014557
augmented,False,64-32,0.001,28,0.13352690078594068,0.196725532412529
augmented,False,64-32,0.001,29,0.1323894041887036,0.19227157533168793
augmented,False,64-32,0.001,30,0.13120482685389342,0.19312427937984467
augmented,False,64-32,0.001,31,0.13047121657265556,0.1960008293390274
augmented,False,64-32,0.001,32,0.1293756600662514,0.1898098886013031
augmented,False,64-32,0.001,33,0.12791018627308035,0.1931135356426239
augmented,False,64-32,0.001,34,0.12714453325227454,0.19120608270168304
augmented,False,64-32,0.001,35,0.1262108837785544,0.19117702543735504
augmented,False,64-32,0.001,36,0.12551532096332974,0.18942369520664215
augmented,False,64-32,0.001,37,0.1250666982818533,0.19198761880397797
augmented,False,64-32,0.001,38,0.12432658447159661,0.1885375678539276
augmented,False,64-32,0.001,39,0.12359215361100656,0.19140490889549255
augmented,False,64-32,0.001,40,0.12325398909824865,0.18940570950508118
augmented,False,64-32,0.001,41,0.12262256692956995,0.1885673552751541
augmented,False,64-32,0.001,42,0.12177383919556936,0.19123190641403198
augmented,False,64-32,0.001,43,0.12076319958324785,0.1885058730840683
augmented,False,64-32,0.001,44,0.12057274360347676,0.1896040290594101
augmented,False,64-32,0.001,45,0.11977133802793644,0.18894584476947784
augmented,False,64-32,0.001,46,0.11907355401251052,0.19023123383522034
augmented,False,64-32,0.0001,1,0.6208326757395709,0.6387929320335388
augmented,False,64-32,0.0001,2,0.6123689851054439,0.6323021650314331
augmented,False,64-32,0.0001,3,0.6037372449592308,0.6256498694419861
augmented,False,64-32,0.0001,4,0.5948581293777183,0.6190381646156311
augmented,False,64-32,0.0001,5,0.5856083016042356,0.6121508479118347
augmented,False,64-32,0.0001,6,0.5759016617139181,0.6047815680503845
augmented,False,64-32,0.0001,7,0.5657240459654066,0.5971630215644836
augmented,False,64-32,0.0001,8,0.5549432938187211,0.5891144275665283
augmented,False,64-32,0.0001,9,0.5435327881353873,0.5806108117103577
augmented,False,64-32,0.0001,10,0.5315273173650106,0.5713950991630554
augmented,False,64-32,0.0001,11,0.5188212268440812,0.561764121055603
augmented,False,64-32,0.0001,12,0.5055406412371882,0.5516502857208252
augmented,False,64-32,0.0001,13,0.4916884211257652,0.5410971641540527
augmented,False,64-32,0.0001,14,0.4773241423677515,0.5302249193191528
augmented,False,64-32,0.0001,15,0.4626205621383808,0.5189191102981567
augmented,False,64-32,0.0001,16,0.44757080338619376,0.5074583888053894
augmented,False,64-32,0.0001,17,0.43239668550314725,0.49582692980766296
augmented,False,64-32,0.0001,18,0.41724688746311045,0.4841636121273041
augmented,False,64-32,0.0001,19,0.40213044034110174,0.47260811924934387
augmented,False,64-32,0.0001,20,0.38733727949636954,0.4610242247581482
augmented,False,64-32,0.0001,21,0.3728213734538467,0.44968029856681824
augmented,False,64-32,0.0001,22,0.3587908715671963,0.4388057589530945
augmented,False,64-32,0.0001,23,0.34529476708836027,0.42797380685806274
augmented,False,64-32,0.0001,24,0.3323537155433937,0.41774770617485046
augmented,False,64-32,0.0001,25,0.32012007788375574,0.4080387055873871
augmented,False,64-32,0.0001,26,0.30849838733673096,0.39881080389022827
augmented,False,64-32,0.0001,27,0.2975879182638945,0.3900122344493866
augmented,False,64-32,0.0001,28,0.2874820017814636,0.3817515969276428
augmented,False,64-32,0.0001,29,0.2780684788580294,0.3740530014038086
augmented,False,64-32,0.0001,30,0.2694594572650062,0.36706042289733887
augmented,False,64-32,0.0001,31,0.2615972150696648,0.3604111075401306
augmented,False,64-32,0.0001,32,0.25432366651517374,0.3542962372303009
augmented,False,64-32,0.0001,33,0.24784619556532966,0.3487115502357483
augmented,False,64-32,0.0001,34,0.24190466128013752,0.34349992871284485
augmented,False,64-32,0.0001,35,0.2365717132665493,0.338701456785202
augmented,False,64-32,0.0001,36,0.23167107030197426,0.3342095911502838
augmented,False,64-32,0.0001,37,0.22735290884971618,0.32998141646385193
augmented,False,64-32,0.0001,38,0.22335912662523763,0.32614007592201233
augmented,False,64-32,0.0001,39,0.21982232784783398,0.32250669598579407
augmented,False,64-32,0.0001,40,0.21664161368652626,0.31906723976135254
augmented,False,64-32,0.0001,41,0.213737951097665,0.31607019901275635
augmented,False,64-32,0.0001,42,0.2110898173959167,0.3131757080554962
augmented,False,64-32,0.0001,43,0.20871769423838016,0.31041744351387024
augmented,False,64-32,0.0001,44,0.20655869713536015,0.30775877833366394
augmented,False,64-32,0.0001,45,0.20458271271652645,0.3051956295967102
augmented,False,64-32,0.0001,46,0.202778592771954,0.3028455674648285
augmented,False,64-32,0.0001,47,0.20114458591849715,0.30053573846817017
augmented,False,64-32,0.0001,48,0.19961564796942252,0.29832956194877625
augmented,False,64-32,0.0001,49,0.1982286521240517,0.29625752568244934
augmented,False,64-32,0.0001,50,0.19694539891348944,0.2941642105579376
augmented,False,64-32,0.0001,51,0.19572773015057598,0.2922486662864685
augmented,False,64-32,0.0001,52,0.1946191989713245,0.29034265875816345
augmented,False,64-32,0.0001,53,0.19360686514112685,0.2884811758995056
augmented,False,64-32,0.0001,54,0.19260306073559655,0.2868536710739136
augmented,False,64-32,0.0001,55,0.19171719467198406,0.28516513109207153
augmented,False,64-32,0.0001,56,0.19086157023906708,0.2835283875465393
augmented,False,64-32,0.0001,57,0.19005344600589186,0.28198564052581787
augmented,False,64-32,0.0001,58,0.1892972637547387,0.280296266078949
augmented,False,64-32,0.0001,59,0.1885518330997891,0.27870869636535645
augmented,False,64-32,0.0001,60,0.18786054540563513,0.27738621830940247
augmented,False,64-32,0.0001,61,0.18718925171428258,0.2758961021900177
augmented,False,64-32,0.0001,62,0.18654523957658697,0.27453872561454773
augmented,False,64-32,0.0001,63,0.18593940829789196,0.27321872115135193
augmented,False,64-32,0.0001,64,0.18533552591447477,0.2718113660812378
augmented,False,64-32,0.0001,65,0.18477922689031673,0.27051660418510437
augmented,False,64-32,0.0001,66,0.1842157452194779,0.2695187032222748
augmented,False,64-32,0.0001,67,0.1836954004234738,0.26821666955947876
augmented,False,64-32,0.0001,68,0.18316838723641854,0.2672159969806671
augmented,False,64-32,0.0001,69,0.18266932509563588,0.26619431376457214
augmented,False,64-32,0.0001,70,0.18218442930115594,0.2651675045490265
augmented,False,64-32,0.0001,71,0.1817022865127634,0.2641618847846985
augmented,False,64-32,0.0001,72,0.18124040961265564,0.26320335268974304
augmented,False,64-32,0.0001,73,0.18077778774279135,0.26224198937416077
augmented,False,64-32,0.0001,74,0.18033166819148594,0.2612077295780182
augmented,False,64-32,0.0001,75,0.17988991803593105,0.26032525300979614
augmented,False,64-32,0.0001,76,0.17946430122410809,0.2594181299209595
augmented,False,64-32,0.0001,77,0.1790461270676719,0.2584605813026428
augmented,False,64-32,0.0001,78,0.1786062647457476,0.2577158510684967
augmented,False,64-32,0.0001,79,0.17820142286795157,0.2569034993648529
augmented,False,64-32,0.0001,80,0.17778956958541164,0.2561551630496979
augmented,False,64-32,0.0001,81,0.17738425901642552,0.2555048167705536
augmented,False,64-32,0.0001,82,0.17697944446846292,0.2548229396343231
augmented,False,64-32,0.0001,83,0.1765813609847316,0.25415346026420593
augmented,False,64-32,0.0001,84,0.17618725529423465,0.2533913850784302
augmented,False,64-32,0.0001,85,0.17580651252358048,0.2527080178260803
augmented,False,64-32,0.0001,86,0.1754090565222281,0.2521039545536041
augmented,False,64-32,0.0001,87,0.17504748620368815,0.2513895630836487
augmented,False,64-32,0.0001,88,0.17465343292112703,0.25085437297821045
augmented,False,64-32,0.0001,89,0.17427908837795258,0.250179648399353
augmented,False,64-32,0.0001,90,0.17391016719517885,0.2494996190071106
augmented,False,64-32,0.0001,91,0.17353965719540915,0.24895142018795013
augmented,False,64-32,0.0001,92,0.17317180081650063,0.2483309507369995
augmented,False,64-32,0.0001,93,0.1728158575296402,0.2477719634771347
augmented,False,64-32,0.0001,94,0.17244591037432352,0.24703213572502136
augmented,False,64-32,0.0001,95,0.1720937427326485,0.24609918892383575
augmented,False,64-32,0.0001,96,0.17173081071288498,0.24558404088020325
augmented,False,64-32,0.0001,97,0.17137786478907974,0.24493874609470367
augmented,False,64-32,0.0001,98,0.17102093601668322,0.24454687535762787
augmented,False,64-32,0.0001,99,0.17067793018288083,0.24387206137180328
augmented,False,64-32,0.0001,100,0.1703152894752997,0.2430984526872635
augmented,False,128-64,0.001,1,0.646773796611362,0.6083674430847168
augmented,False,128-64,0.001,2,0.4703625737737726,0.4778440296649933
augmented,False,128-64,0.001,3,0.2950165943304698,0.3478715717792511
augmented,False,128-64,0.001,4,0.20735949174121573,0.29993635416030884
augmented,False,128-64,0.001,5,0.19060315681828394,0.2738712728023529
augmented,False,128-64,0.001,6,0.18468103567759195,0.2552397549152374
augmented,False,128-64,0.001,7,0.17868821216954126,0.24787038564682007
augmented,False,128-64,0.001,8,0.17441597706741757,0.24730920791625977
augmented,False,128-64,0.001,9,0.17073835410453655,0.24020399153232574
augmented,False,128-64,0.001,10,0.16700139617478407,0.23306941986083984
augmented,False,128-64,0.001,11,0.16357838911038858,0.2321992665529251
augmented,False,128-64,0.001,12,0.16006276437529812,0.22677241265773773
augmented,False,128-64,0.001,13,0.15660865746162556,0.22069434821605682
augmented,False,128-64,0.001,14,0.15317841168906954,0.218030646443367
augmented,False,128-64,0.001,15,0.14942191541194916,0.21282103657722473
augmented,False,128-64,0.001,16,0.14597961823145547,0.21187618374824524
augmented,False,128-64,0.001,17,0.1427266514522058,0.20278216898441315
augmented,False,128-64,0.001,18,0.13987726931218747,0.20394361019134521
augmented,False,128-64,0.001,19,0.1375328008996116,0.2010461837053299
augmented,False,128-64,0.001,20,0.13547152335996981,0.19451524317264557
augmented,False,128-64,0.001,21,0.13359899836557884,0.19401943683624268
augmented,False,128-64,0.001,22,0.13216644642529665,0.1927661895751953
augmented,False,128-64,0.001,23,0.13078401411021198,0.19593463838100433
augmented,False,128-64,0.001,24,0.12965229783897048,0.19184733927249908
augmented,False,128-64,0.001,25,0.12840460660281006,0.19171440601348877
augmented,False,128-64,0.001,26,0.12707880107340988,0.19207951426506042
augmented,False,128-64,0.001,27,0.1262212782656705,0.18734897673130035
augmented,False,128-64,0.001,28,0.12535645125088868,0.18960854411125183
augmented,False,128-64,0.001,29,0.12420449638808215,0.1887894719839096
augmented,False,128-64,0.001,30,0.12313529275081776,0.18747122585773468
augmented,False,128-64,0.001,31,0.12298159088249559,0.19560827314853668
augmented,False,128-64,0.001,32,0.12200351043983743,0.18712157011032104
augmented,False,128-64,0.001,33,0.12021802242155429,0.18768998980522156
augmented,False,128-64,0.001,34,0.11907754640888285,0.19150124490261078
augmented,False,128-64,0.001,35,0.11822336815021656,0.18769818544387817
augmented,False,128-64,0.001,36,0.11725124915440878,0.1879526525735855
augmented,False,128-64,0.001,37,0.11672145633785813,0.19466373324394226
augmented,False,128-64,0.001,38,0.11618831475575765,0.1870514303445816
augmented,False,128-64,0.001,39,0.11452107109405377,0.1889178305864334
augmented,False,128-64,0.001,40,0.11383065749097754,0.19351862370967865
augmented,False,128-64,0.0001,1,0.7137034834755791,0.7007050514221191
augmented,False,128-64,0.0001,2,0.6954211516733523,0.6893572211265564
augmented,False,128-64,0.0001,3,0.6777452987211722,0.6776681542396545
augmented,False,128-64,0.0001,4,0.6601171210077074,0.6660250425338745
augmented,False,128-64,0.0001,5,0.6418646066277115,0.6535915732383728
augmented,False,128-64,0.0001,6,0.6225716884047897,0.639827311038971
augmented,False,128-64,0.0001,7,0.6020380095199303,0.6253253817558289
augmented,False,128-64,0.0001,8,0.5800280631030047,0.6097770929336548
augmented,False,128-64,0.0001,9,0.5567319342825148,0.5930672287940979
augmented,False,128-64,0.0001,10,0.5324192405630042,0.5746588110923767
augmented,False,128-64,0.0001,11,0.5073057617964568,0.5556185245513916
augmented,False,128-64,0.0001,12,0.4819091288248698,0.5359785556793213
augmented,False,128-64,0.0001,13,0.45643856516590825,0.5158348679542542
augmented,False,128-64,0.0001,14,0.43126407495251406,0.4956359267234802
augmented,False,128-64,0.0001,15,0.4068175075672291,0.47503986954689026
augmented,False,128-64,0.0001,16,0.38327630285863523,0.4551991820335388
augmented,False,128-64,0.0001,17,0.36104197828857987,0.4358815848827362
augmented,False,128-64,0.0001,18,0.34036708147437483,0.417889267206192
augmented,False,128-64,0.0001,19,0.3212129538147538,0.40122756361961365
augmented,False,128-64,0.0001,20,0.3039013829054656,0.38576018810272217
augmented,False,128-64,0.0001,21,0.28828490760591297,0.3718838393688202
augmented,False,128-64,0.0001,22,0.2744147328535716,0.35978028178215027
augmented,False,128-64,0.0001,23,0.2622557433446248,0.34840622544288635
augmented,False,128-64,0.0001,24,0.2515561873162234,0.3387865722179413
augmented,False,128-64,0.0001,25,0.24234524099915117,0.3307882845401764
augmented,False,128-64,0.0001,26,0.23432681436891908,0.3235456943511963
augmented,False,128-64,0.0001,27,0.2273881670722255,0.31714972853660583
augmented,False,128-64,0.0001,28,0.2215231813987096,0.31152403354644775
augmented,False,128-64,0.0001,29,0.21642366956781459,0.3065471947193146
augmented,False,128-64,0.0001,30,0.2120702706222181,0.3025693893432617
augmented,False,128-64,0.0001,31,0.2083905322463424,0.29861587285995483
augmented,False,128-64,0.0001,32,0.20511346768449853,0.29503339529037476
augmented,False,128-64,0.0001,33,0.20238087938891516,0.29211851954460144
augmented,False,128-64,0.0001,34,0.1999745821069788,0.2891351878643036
augmented,False,128-64,0.0001,35,0.19787492601959794,0.2867690920829773
augmented,False,128-64,0.0001,36,0.1959932890203264,0.2843654751777649
augmented,False,128-64,0.0001,37,0.19437198744879827,0.2820887863636017
augmented,False,128-64,0.0001,38,0.19286989953782824,0.2800482511520386
augmented,False,128-64,0.0001,39,0.191543053234065,0.2780579626560211
augmented,False,128-64,0.0001,40,0.19035949530424895,0.2761549949645996
augmented,False,128-64,0.0001,41,0.1892467945151859,0.2751772701740265
augmented,False,128-64,0.0001,42,0.18821018510394627,0.27372774481773376
augmented,False,128-64,0.0001,43,0.18725392041382966,0.27225473523139954
augmented,False,128-64,0.0001,44,0.18637791370904006,0.2706170678138733
augmented,False,128-64,0.0001,45,0.18552795624291454,0.26894620060920715
augmented,False,128-64,0.0001,46,0.18472611584045268,0.2677743434906006
augmented,False,128-64,0.0001,47,0.1839806196645454,0.2663852572441101
augmented,False,128-64,0.0001,48,0.1832427183787028,0.2650638520717621
augmented,False,128-64,0.0001,49,0.18255808960508418,0.2640283405780792
augmented,False,128-64,0.0001,50,0.18188199398694216,0.26273638010025024
augmented,False,128-64,0.0001,51,0.1812126319938236,0.26167866587638855
augmented,False,128-64,0.0001,52,0.18058303552645225,0.26069730520248413
augmented,False,128-64,0.0001,53,0.17998208542664845,0.25956636667251587
augmented,False,128-64,0.0001,54,0.17935541620960943,0.2589013874530792
augmented,False,128-64,0.0001,55,0.1787735710982923,0.25792819261550903
augmented,False,128-64,0.0001,56,0.1782038457305343,0.2569033205509186
augmented,False,128-64,0.0001,57,0.1776352158299199,0.2559436559677124
augmented,False,128-64,0.0001,58,0.17706118630038367,0.2545849084854126
augmented,False,128-64,0.0001,59,0.17651548153824276,0.2533261775970459
augmented,False,128-64,0.0001,60,0.17597473773691388,0.25279200077056885
augmented,False,128-64,0.0001,61,0.17542425131356273,0.25175002217292786
augmented,False,128-64,0.0001,62,0.17489531596501667,0.2508593797683716
augmented,False,128-64,0.0001,63,0.17437481067798755,0.2500911355018616
augmented,False,128-64,0.0001,64,0.1738519068338253,0.24883277714252472
augmented,False,128-64,0.0001,65,0.17334346822014562,0.24781721830368042
augmented,False,128-64,0.0001,66,0.17282661230475815,0.24744755029678345
augmented,False,128-64,0.0001,67,0.17232215068958423,0.24615298211574554
augmented,False,128-64,0.0001,68,0.1718037043898194,0.24562714993953705
augmented,False,128-64,0.0001,69,0.1712870212395986,0.24504326283931732
augmented,False,128-64,0.0001,70,0.17079008800012094,0.24438001215457916
augmented,False,128-64,0.0001,71,0.17027858588430617,0.2435036450624466
augmented,False,128-64,0.0001,72,0.16977304315125502,0.24250470101833344
augmented,False,128-64,0.0001,73,0.16926787859863704,0.24162466824054718
augmented,False,128-64,0.0001,74,0.16876288528795597,0.24050849676132202
augmented,False,128-64,0.0001,75,0.1682540578091586,0.23978844285011292
augmented,False,128-64,0.0001,76,0.16775312529669867,0.23878510296344757
augmented,False,128-64,0.0001,77,0.16727147078072582,0.23786979913711548
augmented,False,128-64,0.0001,78,0.1667461222851718,0.23742134869098663
augmented,False,128-64,0.0001,79,0.1662622665475916,0.23675715923309326
augmented,False,128-64,0.0001,80,0.1657703368531333,0.2361244261264801
augmented,False,128-64,0.0001,81,0.16526614231091957,0.23549334704875946
augmented,False,128-64,0.0001,82,0.16478856228016042,0.23484346270561218
augmented,False,128-64,0.0001,83,0.16427652074231042,0.23386545479297638
augmented,False,128-64,0.0001,84,0.16379048192942583,0.23302452266216278
augmented,False,128-64,0.0001,85,0.16331323694299768,0.23247171938419342
augmented,False,128-64,0.0001,86,0.16280113615371564,0.2320016622543335
augmented,False,128-64,0.0001,87,0.16234217665813588,0.2308540642261505
augmented,False,128-64,0.0001,88,0.16184294888266812,0.23064129054546356
augmented,False,128-64,0.0001,89,0.16134993690031546,0.22965608537197113
augmented,False,128-64,0.0001,90,0.16087037327112974,0.22882451117038727
augmented,False,128-64,0.0001,91,0.1603987494442198,0.22841444611549377
augmented,False,128-64,0.0001,92,0.15989978401749222,0.2276986837387085
augmented,False,128-64,0.0001,93,0.15942604069356564,0.2269362062215805
augmented,False,128-64,0.0001,94,0.15894597038074776,0.22589388489723206
augmented,False,128-64,0.0001,95,0.1584663517607583,0.22455734014511108
augmented,False,128-64,0.0001,96,0.15797673817034122,0.22438102960586548
augmented,False,128-64,0.0001,97,0.15748933849511323,0.22371064126491547
augmented,False,128-64,0.0001,98,0.15699551608827378,0.22370392084121704
augmented,False,128-64,0.0001,99,0.1565110127793418,0.22257614135742188
augmented,False,128-64,0.0001,100,0.15600418104065789,0.22119106352329254
augmented,True,32,0.001,1,0.6083860763797053,0.6194283366203308
augmented,True,32,0.001,2,0.5511636596255832,0.5643572807312012
augmented,True,32,0.001,3,0.49705616377018114,0.5133094787597656
augmented,True,32,0.001,4,0.44406589684662995,0.46619972586631775
augmented,True,32,0.001,5,0.3927099585091626,0.4223037660121918
augmented,True,32,0.001,6,0.3450807008036861,0.3821451663970947
augmented,True,32,0.001,7,0.30369048052363923,0.3482827842235565
augmented,True,32,0.001,8,0.26996521910031634,0.3215472400188446
augmented,True,32,0.001,9,0.2438465545354066,0.30150339007377625
augmented,True,32,0.001,10,0.22450531970571588,0.28604748845100403
augmented,True,32,0.001,11,0.2105549071232478,0.27472448348999023
augmented,True,32,0.001,12,0.20036645233631134,0.26654788851737976
augmented,True,32,0.001,13,0.19294287023720919,0.26026079058647156
augmented,True,32,0.001,14,0.1874076701535119,0.2557855248451233
augmented,True,32,0.001,15,0.18315295638861478,0.2515501379966736
augmented,True,32,0.001,16,0.17974669922281195,0.24865926802158356
augmented,True,32,0.001,17,0.17698288679122925,0.24625131487846375
augmented,True,32,0.001,18,0.17466103085765133,0.2443261295557022
augmented,True,32,0.001,19,0.17261014507876501,0.2419728934764862
augmented,True,32,0.001,20,0.1707859731382794,0.23915651440620422
augmented,True,32,0.001,21,0.1690834892679144,0.23782140016555786
augmented,True,32,0.001,22,0.1675142157960821,0.23650425672531128
augmented,True,32,0.001,23,0.16598484304216174,0.23280903697013855
augmented,True,32,0.001,24,0.16446829981274075,0.23156768083572388
augmented,True,32,0.001,25,0.16302814465981944,0.23189659416675568
augmented,True,32,0.001,26,0.16162124287199092,0.22863052785396576
augmented,True,32,0.001,27,0.1602037384112676,0.22503335773944855
augmented,True,32,0.001,28,0.15884605941949068,0.22357206046581268
augmented,True,32,0.001,29,0.1574653786420822,0.2207922786474228
augmented,True,32,0.001,30,0.15609545707702638,0.2201700508594513
augmented,True,32,0.001,31,0.1547802468582436,0.21555013954639435
augmented,True,32,0.001,32,0.15344953137415426,0.21322765946388245
augmented,True,32,0.001,33,0.1521705021681609,0.21126557886600494
augmented,True,32,0.001,34,0.15100782482712358,0.20754386484622955
augmented,True,32,0.001,35,0.1498357938616364,0.20741155743598938
augmented,True,32,0.001,36,0.14873204083354385,0.20329825580120087
augmented,True,32,0.001,37,0.14775904723891506,0.2004246562719345
augmented,True,32,0.001,38,0.14673061690948627,0.1996893733739853
augmented,True,32,0.001,39,0.145812671162464,0.1978239119052887
augmented,True,32,0.001,40,0.14502762467772873,0.19393791258335114
augmented,True,32,0.001,41,0.14428665975729624,0.19627434015274048
augmented,True,32,0.001,42,0.14333086806314962,0.19054821133613586
augmented,True,32,0.001,43,0.14266206252354163,0.19216148555278778
augmented,True,32,0.001,44,0.1419402461802518,0.18879646062850952
augmented,True,32,0.001,45,0.14129069006001507,0.18728777766227722
augmented,True,32,0.001,46,0.14071320045877386,0.18886591494083405
augmented,True,32,0.001,47,0.14010796975206447,0.18612994253635406
augmented,True,32,0.001,48,0.13942280645723695,0.18676774203777313
augmented,True,32,0.001,49,0.13889538003338708,0.18527892231941223
augmented,True,32,0.001,50,0.1384527279050262,0.18392974138259888
augmented,True,32,0.001,51,0.13790244081506023,0.18594053387641907
augmented,True,32,0.001,52,0.1374033503731092,0.1817273050546646
augmented,True,32,0.001,53,0.1369702101416058,0.1824292242527008
augmented,True,32,0.001,54,0.1365117190723066,0.1830737292766571
augmented,True,32,0.001,55,0.13599685136918668,0.1803634762763977
augmented,True,32,0.001,56,0.13571495045114446,0.18088172376155853
augmented,True,32,0.001,57,0.13544116808308496,0.17990553379058838
augmented,True,32,0.001,58,0.1349901012358842,0.17893995344638824
augmented,True,32,0.001,59,0.1345249186401014,0.18070471286773682
augmented,True,32,0.001,60,0.13416892212850076,0.17887400090694427
augmented,True,32,0.001,61,0.13387572760935182,0.17827600240707397
augmented,True,32,0.001,62,0.1334867544968923,0.18022701144218445
augmented,True,32,0.001,63,0.13318469140264724,0.17751143872737885
augmented,True,32,0.001,64,0.13311591490551278,0.1774381548166275
augmented,True,32,0.001,65,0.13257761650615268,0.1785077005624771
augmented,True,32,0.001,66,0.13246964264799047,0.17870981991291046
augmented,True,32,0.001,67,0.13255262285470962,0.1759888380765915
augmented,True,32,0.001,68,0.13192581872145334,0.17860186100006104
augmented,True,32,0.001,69,0.1316113343614119,0.1760380119085312
augmented,True,32,0.001,70,0.13135911655646784,0.1771884262561798
augmented,True,32,0.001,71,0.13108043959847204,0.1760450005531311
augmented,True,32,0.001,72,0.130890968784138,0.17623135447502136
augmented,True,32,0.001,73,0.13067642944830435,0.17546075582504272
augmented,True,32,0.001,74,0.13040780954890782,0.17589232325553894
augmented,True,32,0.001,75,0.1301711442956218,0.1754365861415863
augmented,True,32,0.001,76,0.12998077680667242,0.17572371661663055
augmented,True,32,0.001,77,0.12985052899078087,0.175798237323761
augmented,True,32,0.001,78,0.129670643972026,0.17576979100704193
augmented,True,32,0.001,79,0.1295919890977718,0.1751686930656433
augmented,True,32,0.001,80,0.12930651145952718,0.1755312830209732
augmented,True,32,0.001,81,0.12904759643254457,0.17500770092010498
augmented,True,32,0.001,82,0.12895866687651034,0.1754423826932907
augmented,True,32,0.001,83,0.12880466670901686,0.17457681894302368
augmented,True,32,0.001,84,0.12858327941762077,0.17608101665973663
augmented,True,32,0.001,85,0.12843424568573633,0.1750129759311676
augmented,True,32,0.001,86,0.1283068499962489,0.17555838823318481
augmented,True,32,0.001,87,0.1283223376892231,0.17379960417747498
augmented,True,32,0.001,88,0.12794055412213007,0.17671820521354675
augmented,True,32,0.001,89,0.12772914340098698,0.174002543091774
augmented,True,32,0.001,90,0.1275544046362241,0.1750454306602478
augmented,True,32,0.001,91,0.12754644547347668,0.1749497652053833
augmented,True,32,0.001,92,0.12719320791739006,0.17385616898536682
augmented,True,32,0.001,93,0.12714067103686155,0.1753789782524109
augmented,True,32,0.001,94,0.12695693477436348,0.1743267923593521
augmented,True,32,0.001,95,0.12682338720118558,0.17390909790992737
augmented,True,32,0.0001,1,0.6318137107955085,0.6747817397117615
augmented,True,32,0.0001,2,0.6257146386747007,0.6684331297874451
augmented,True,32,0.0001,3,0.6197135616231848,0.662071943283081
augmented,True,32,0.0001,4,0.6137409874244972,0.6559147834777832
augmented,True,32,0.0001,5,0.6078295539926599,0.6498344540596008
augmented,True,32,0.0001,6,0.6019709601225677,0.6437201499938965
augmented,True,32,0.0001,7,0.5961486330738774,0.6376929879188538
augmented,True,32,0.0001,8,0.5903461852780095,0.631744384765625
augmented,True,32,0.0001,9,0.5845583614596614,0.6258471608161926
augmented,True,32,0.0001,10,0.5788148371378581,0.61992347240448
augmented,True,32,0.0001,11,0.5730596064638208,0.6140395402908325
augmented,True,32,0.0001,12,0.5673051235410902,0.6081947684288025
augmented,True,32,0.0001,13,0.5615454550142641,0.6024125218391418
augmented,True,32,0.0001,14,0.5557891426263032,0.5966601967811584
augmented,True,32,0.0001,15,0.5500372713583487,0.5909165740013123
augmented,True,32,0.0001,16,0.5442576724511605,0.5851986408233643
augmented,True,32,0.0001,17,0.5384720740494905,0.5795047283172607
augmented,True,32,0.0001,18,0.5326888838520757,0.5738793015480042
augmented,True,32,0.0001,19,0.5268908414134272,0.5682631134986877
augmented,True,32,0.0001,20,0.5211135643499869,0.5626484155654907
augmented,True,32,0.0001,21,0.5152966915236579,0.5571129322052002
augmented,True,32,0.0001,22,0.5095043700712698,0.551605761051178
augmented,True,32,0.0001,23,0.5037128652466668,0.5460584163665771
augmented,True,32,0.0001,24,0.49790866167457015,0.5405697226524353
augmented,True,32,0.0001,25,0.4921150508633366,0.5351720452308655
augmented,True,32,0.0001,26,0.4863145248978226,0.5297805070877075
augmented,True,32,0.0001,27,0.48053109884262085,0.5243982076644897
augmented,True,32,0.0001,28,0.47475136871691104,0.5190839171409607
augmented,True,32,0.0001,29,0.46898540019989016,0.51375812292099
augmented,True,32,0.0001,30,0.46323117565225674,0.5084842443466187
augmented,True,32,0.0001,31,0.45748890956242877,0.5032178163528442
augmented,True,32,0.0001,32,0.45175210776152436,0.49798399209976196
augmented,True,32,0.0001,33,0.4460756465682277,0.49277493357658386
augmented,True,32,0.0001,34,0.4404079461539233,0.48760470747947693
augmented,True,32,0.0001,35,0.434773319694731,0.48250487446784973
augmented,True,32,0.0001,36,0.4291696804982644,0.4774363040924072
augmented,True,32,0.0001,37,0.42363171255147014,0.4723694622516632
augmented,True,32,0.0001,38,0.4181109357321704,0.4674190878868103
augmented,True,32,0.0001,39,0.41265199820200604,0.46251925826072693
augmented,True,32,0.0001,40,0.40727642275668957,0.4575920104980469
augmented,True,32,0.0001,41,0.4019178212572027,0.4528287351131439
augmented,True,32,0.0001,42,0.39663475734216197,0.4480680823326111
augmented,True,32,0.0001,43,0.391400580185431,0.44338423013687134
augmented,True,32,0.0001,44,0.38624282011279354,0.43874403834342957
augmented,True,32,0.0001,45,0.38114203559027776,0.43409618735313416
augmented,True,32,0.0001,46,0.37612489519295866,0.4295845627784729
augmented,True,32,0.0001,47,0.37116681346186886,0.4251406490802765
augmented,True,32,0.0001,48,0.3662844930754767,0.4207616150379181
augmented,True,32,0.0001,49,0.3614744381551389,0.4164404571056366
augmented,True,32,0.0001,50,0.3567415471430178,0.4121347665786743
augmented,True,32,0.0001,51,0.35207549435121044,0.4079922139644623
augmented,True,32,0.0001,52,0.3475033889434956,0.4038776755332947
augmented,True,32,0.0001,53,0.3430199032359653,0.39983507990837097
augmented,True,32,0.0001,54,0.33859471444730405,0.39590224623680115
augmented,True,32,0.0001,55,0.3342650610429269,0.3920329511165619
augmented,True,32,0.0001,56,0.3300265589025286,0.3882078230381012
augmented,True,32,0.0001,57,0.32586491496474657,0.3844722807407379
augmented,True,32,0.0001,58,0.32179471713525276,0.3807202875614166
augmented,True,32,0.0001,59,0.3177940280790682,0.3770773410797119
augmented,True,32,0.0001,60,0.3138919766743978,0.37358877062797546
augmented,True,32,0.0001,61,0.3100729310071027,0.3701043725013733
augmented,True,32,0.0001,62,0.30633347656991744,0.3667409420013428
augmented,True,32,0.0001,63,0.3026892246140374,0.3634285032749176
augmented,True,32,0.0001,64,0.2991190570813638,0.360159695148468
augmented,True,32,0.0001,65,0.2956541030936771,0.35695680975914
augmented,True,32,0.0001,66,0.2922517044455917,0.3539426922798157
augmented,True,32,0.0001,67,0.2889420587928207,0.35090184211730957
augmented,True,32,0.0001,68,0.28570967537385444,0.34801366925239563
augmented,True,32,0.0001,69,0.2825813552626857,0.34515896439552307
augmented,True,32,0.0001,70,0.27951423004821496,0.3423469066619873
augmented,True,32,0.0001,71,0.2765168407228258,0.33963221311569214
augmented,True,32,0.0001,72,0.27360791992258143,0.33699822425842285
augmented,True,32,0.0001,73,0.2707894558376736,0.33440303802490234
augmented,True,32,0.0001,74,0.2680224097216571,0.3318388760089874
augmented,True,32,0.0001,75,0.2653519941700829,0.3293716609477997
augmented,True,32,0.0001,76,0.26274501182414867,0.3269355893135071
augmented,True,32,0.0001,77,0.2602092692587111,0.32456067204475403
augmented,True,32,0.0001,78,0.25773664072707847,0.32230144739151
augmented,True,32,0.0001,79,0.255341645081838,0.32007020711898804
augmented,True,32,0.0001,80,0.2529960091467257,0.3179531395435333
augmented,True,32,0.0001,81,0.2507442008786731,0.3158765733242035
augmented,True,32,0.0001,82,0.24852717203122598,0.31389161944389343
augmented,True,32,0.0001,83,0.246387450783341,0.3119505047798157
augmented,True,32,0.0001,84,0.24429570809558585,0.3100046217441559
augmented,True,32,0.0001,85,0.24227391845650142,0.30812332034111023
augmented,True,32,0.0001,86,0.24030655494442693,0.30634453892707825
augmented,True,32,0.0001,87,0.23839509690249408,0.30452960729599
augmented,True,32,0.0001,88,0.23653098901112873,0.3028493821620941
augmented,True,32,0.0001,89,0.23471479605745385,0.30116114020347595
augmented,True,32,0.0001,90,0.23296681547606432,0.29952627420425415
augmented,True,32,0.0001,91,0.23126168745535391,0.2979812026023865
augmented,True,32,0.0001,92,0.22959989576428025,0.29645153880119324
augmented,True,32,0.0001,93,0.2279920278655158,0.29497843980789185
augmented,True,32,0.0001,94,0.2264244767692354,0.2935468256473541
augmented,True,32,0.0001,95,0.22491410233356335,0.2920193374156952
augmented,True,32,0.0001,96,0.2234472103472109,0.29061922430992126
augmented,True,32,0.0001,97,0.221993513085224,0.28928205370903015
augmented,True,32,0.0001,98,0.22060089215084358,0.2880444824695587
augmented,True,32,0.0001,99,0.21924523810545604,0.2867760956287384
augmented,True,32,0.0001,100,0.21793575825514616,0.28545138239860535
augmented,True,64-32,0.001,1,0.5798104304737515,0.5669713020324707
augmented,True,64-32,0.001,2,0.4735390267107222,0.47705569863319397
augmented,True,64-32,0.001,3,0.3500234370319932,0.3765161335468292
augmented,True,64-32,0.001,4,0.24630635259328065,0.30817392468452454
augmented,True,64-32,0.001,5,0.193780667119556,0.2769733667373657
augmented,True,64-32,0.001,6,0.17732519019533086,0.26189571619033813
augmented,True,64-32,0.001,7,0.1729300824801127,0.25609076023101807
augmented,True,64-32,0.001,8,0.17059102329942916,0.253862589597702
augmented,True,64-32,0.001,9,0.16826683960579059,0.24946215748786926
augmented,True,64-32,0.001,10,0.1658662665331805,0.24243280291557312
augmented,True,64-32,0.001,11,0.16342762836703548,0.24101248383522034
augmented,True,64-32,0.001,12,0.16081680366286524,0.2324448972940445
augmented,True,64-32,0.001,13,0.1582632264826033,0.22705402970314026
augmented,True,64-32,0.001,14,0.15564874583924257,0.22198112308979034
augmented,True,64-32,0.001,15,0.15270191477404702,0.21784965693950653
augmented,True,64-32,0.001,16,0.14999702793580513,0.21462735533714294
augmented,True,64-32,0.001,17,0.14743852224614884,0.20520079135894775
augmented,True,64-32,0.001,18,0.14504576058299454,0.20465384423732758
augmented,True,64-32,0.001,19,0.14267424938855347,0.20014972984790802
augmented,True,64-32,0.001,20,0.14056854016251033,0.1953914761543274
augmented,True,64-32,0.001,21,0.1387478717609688,0.19066734611988068
augmented,True,64-32,0.001,22,0.13733028948307038,0.18955928087234497
augmented,True,64-32,0.001,23,0.13584404876938572,0.19194164872169495
augmented,True,64-32,0.001,24,0.13478997046196903,0.18803296983242035
augmented,True,64-32,0.001,25,0.13363215581134513,0.18408556282520294
augmented,True,64-32,0.001,26,0.13234823282118197,0.18505342304706573
augmented,True,64-32,0.001,27,0.13146690481238896,0.18233242630958557
augmented,True,64-32,0.001,28,0.13050485648490764,0.1821044236421585
augmented,True,64-32,0.001,29,0.13016076940077323,0.18131789565086365
augmented,True,64-32,0.001,30,0.12916857072600613,0.1796896606683731
augmented,True,64-32,0.001,31,0.1289835442437066,0.18619216978549957
augmented,True,64-32,0.001,32,0.12796506742636363,0.180674210190773
augmented,True,64-32,0.001,33,0.12727516110296602,0.17964233458042145
augmented,True,64-32,0.001,34,0.1264540207165259,0.1857096403837204
augmented,True,64-32,0.001,35,0.12634995814826752,0.18011318147182465
augmented,True,64-32,0.001,36,0.12559687919086882,0.18031109869480133
augmented,True,64-32,0.001,37,0.12544774781774592,0.18577225506305695
augmented,True,64-32,0.001,38,0.1248446328551681,0.17972376942634583
augmented,True,64-32,0.0001,1,0.616588682157022,0.6314306855201721
augmented,True,64-32,0.0001,2,0.6074858127699958,0.6245893836021423
augmented,True,64-32,0.0001,3,0.5982258208592732,0.6174473762512207
augmented,True,64-32,0.0001,4,0.588697910838657,0.610262393951416
augmented,True,64-32,0.0001,5,0.5787651224489565,0.6027765870094299
augmented,True,64-32,0.0001,6,0.5683141912354364,0.5946686267852783
augmented,True,64-32,0.0001,7,0.5572967838357996,0.5860500335693359
augmented,True,64-32,0.0001,8,0.5455705106699908,0.5768532156944275
augmented,True,64-32,0.0001,9,0.5331061940722995,0.5670372843742371
augmented,True,64-32,0.0001,10,0.5199768173253094,0.5564442276954651
augmented,True,64-32,0.0001,11,0.5060810425104918,0.545290470123291
augmented,True,64-32,0.0001,12,0.49155429107171517,0.5336474180221558
augmented,True,64-32,0.0001,13,0.47639218052228294,0.5215572118759155
augmented,True,64-32,0.0001,14,0.4607479723294576,0.50907963514328
augmented,True,64-32,0.0001,15,0.4447486941019694,0.496273934841156
augmented,True,64-32,0.0001,16,0.42850815088660626,0.4833452105522156
augmented,True,64-32,0.0001,17,0.41223850148695484,0.47035425901412964
augmented,True,64-32,0.0001,18,0.3960934075602779,0.45748889446258545
augmented,True,64-32,0.0001,19,0.38017379133789625,0.44472482800483704
augmented,True,64-32,0.0001,20,0.36469394763310753,0.43213582038879395
augmented,True,64-32,0.0001,21,0.3495835445545338,0.4199046492576599
augmented,True,64-32,0.0001,22,0.33511824272297047,0.408114492893219
augmented,True,64-32,0.0001,23,0.32127348767386543,0.39662566781044006
augmented,True,64-32,0.0001,24,0.3081964175347929,0.38579991459846497
augmented,True,64-32,0.0001,25,0.29598470564241763,0.3757495880126953
augmented,True,64-32,0.0001,26,0.28456583627948057,0.3663109540939331
augmented,True,64-32,0.0001,27,0.2740347150961558,0.357469379901886
augmented,True,64-32,0.0001,28,0.26438882337676156,0.3493000268936157
augmented,True,64-32,0.0001,29,0.25549693361476616,0.341714084148407
augmented,True,64-32,0.0001,30,0.2474412766209355,0.3348441421985626
augmented,True,64-32,0.0001,31,0.24012223830929508,0.3284447491168976
augmented,True,64-32,0.0001,32,0.23344293521510232,0.32253554463386536
augmented,True,64-32,0.0001,33,0.22749831153286829,0.3171815574169159
augmented,True,64-32,0.0001,34,0.22209590905242496,0.3122302293777466
augmented,True,64-32,0.0001,35,0.2172214866346783,0.3077644407749176
augmented,True,64-32,0.0001,36,0.21282031785558772,0.3036087453365326
augmented,True,64-32,0.0001,37,0.20889653208079162,0.29979053139686584
augmented,True,64-32,0.0001,38,0.2053223161564933,0.296364963054657
augmented,True,64-32,0.0001,39,0.20212299695721378,0.2932519018650055
augmented,True,64-32,0.0001,40,0.19928833542046723,0.2901592552661896
augmented,True,64-32,0.0001,41,0.19667880040627939,0.2876131534576416
augmented,True,64-32,0.0001,42,0.19429562288301963,0.28516003489494324
augmented,True,64-32,0.0001,43,0.1921767952044805,0.28287482261657715
augmented,True,64-32,0.0001,44,0.19025788931934923,0.28071466088294983
augmented,True,64-32,0.0001,45,0.1885036105138284,0.27860963344573975
augmented,True,64-32,0.0001,46,0.18690668624860268,0.27691203355789185
augmented,True,64-32,0.0001,47,0.18546481865423697,0.2752631902694702
augmented,True,64-32,0.0001,48,0.18413680853667083,0.2736961841583252
augmented,True,64-32,0.0001,49,0.18292589947029397,0.27231162786483765
augmented,True,64-32,0.0001,50,0.18181342107278328,0.2708582282066345
augmented,True,64-32,0.0001,51,0.18076983175895833,0.26976558566093445
augmented,True,64-32,0.0001,52,0.17982912946630408,0.2685558497905731
augmented,True,64-32,0.0001,53,0.17896310729009135,0.2674119174480438
augmented,True,64-32,0.0001,54,0.17812183973965823,0.26654931902885437
augmented,True,64-32,0.0001,55,0.17737609075175392,0.2656744718551636
augmented,True,64-32,0.0001,56,0.1766756844520569,0.2646791636943817
augmented,True,64-32,0.0001,57,0.17600959316447928,0.2638185918331146
augmented,True,64-32,0.0001,58,0.17538580859148944,0.26273733377456665
augmented,True,64-32,0.0001,59,0.17479075487013215,0.2617308795452118
augmented,True,64-32,0.0001,60,0.17424531755623995,0.26120659708976746
augmented,True,64-32,0.0001,61,0.1737063776122199,0.26024410128593445
augmented,True,64-32,0.0001,62,0.17319644775655535,0.25953447818756104
augmented,True,64-32,0.0001,63,0.17272943785897008,0.25888538360595703
augmented,True,64-32,0.0001,64,0.17225692574624663,0.25793078541755676
augmented,True,64-32,0.0001,65,0.17183077582606562,0.2571089267730713
augmented,True,64-32,0.0001,66,0.1713984504673216,0.25681519508361816
augmented,True,64-32,0.0001,67,0.17099431298397205,0.25599023699760437
augmented,True,64-32,0.0001,68,0.17059742481620224,0.2556096911430359
augmented,True,64-32,0.0001,69,0.17021745575798883,0.25500962138175964
augmented,True,64-32,0.0001,70,0.16984938065210978,0.2543243169784546
augmented,True,64-32,0.0001,71,0.169477578247035,0.2536907494068146
augmented,True,64-32,0.0001,72,0.16912360118495093,0.25301042199134827
augmented,True,64-32,0.0001,73,0.16877941687901815,0.25235986709594727
augmented,True,64-32,0.0001,74,0.16843399694672337,0.25155147910118103
augmented,True,64-32,0.0001,75,0.16810606144092702,0.2510209381580353
augmented,True,64-32,0.0001,76,0.16776813725630443,0.250186562538147
augmented,True,64-32,0.0001,77,0.16745454097235643,0.2493838220834732
augmented,True,64-32,0.0001,78,0.16711234556304083,0.2491355538368225
augmented,True,64-32,0.0001,79,0.16680053130344108,0.2485020011663437
augmented,True,64-32,0.0001,80,0.16647400697072348,0.2480357438325882
augmented,True,64-32,0.0001,81,0.16617071487285473,0.24769236147403717
augmented,True,64-32,0.0001,82,0.16584526967119287,0.24719198048114777
augmented,True,64-32,0.0001,83,0.1655442218206547,0.246702641248703
augmented,True,64-32,0.0001,84,0.1652381561199824,0.24581488966941833
augmented,True,64-32,0.0001,85,0.16492773682982834,0.24520792067050934
augmented,True,64-32,0.0001,86,0.16461747498423965,0.24486586451530457
augmented,True,64-32,0.0001,87,0.1643183303983123,0.24403516948223114
augmented,True,64-32,0.0001,88,0.16399763277283422,0.24361535906791687
augmented,True,64-32,0.0001,89,0.16369100868701936,0.24289639294147491
augmented,True,64-32,0.0001,90,0.16337622353324183,0.2422455996274948
augmented,True,64-32,0.0001,91,0.16307603465186224,0.24208824336528778
augmented,True,64-32,0.0001,92,0.1627491060671983,0.24138517677783966
augmented,True,64-32,0.0001,93,0.16244956987875478,0.2407599538564682
augmented,True,64-32,0.0001,94,0.1621393811923486,0.2401944249868393
augmented,True,64-32,0.0001,95,0.1618364006943173,0.2386520355939865
augmented,True,64-32,0.0001,96,0.16152563033280548,0.23808278143405914
augmented,True,64-32,0.0001,97,0.16121296836270227,0.2376709282398224
augmented,True,64-32,0.0001,98,0.1609119192759196,0.2376994788646698
augmented,True,64-32,0.0001,99,0.16058859257786362,0.23682507872581482
augmented,True,64-32,0.0001,100,0.16027615869486772,0.23552368581295013
augmented,True,128-64,0.001,1,0.6406825206014846,0.5952006578445435
augmented,True,128-64,0.001,2,0.45087810083671853,0.4547603726387024
augmented,True,128-64,0.001,3,0.270455603312563,0.32218137383461
augmented,True,128-64,0.001,4,0.187281196558917,0.26376551389694214
augmented,True,128-64,0.001,5,0.17271629638142055,0.2503430247306824
augmented,True,128-64,0.001,6,0.1699744623237186,0.2512028217315674
augmented,True,128-64,0.001,7,0.16663093955428512,0.24800331890583038
augmented,True,128-64,0.001,8,0.1630928740898768,0.2371501326560974
augmented,True,128-64,0.001,9,0.1595912512143453,0.23315998911857605
augmented,True,128-64,0.001,10,0.15610617063663623,0.22423990070819855
augmented,True,128-64,0.001,11,0.1528325743366171,0.22387850284576416
augmented,True,128-64,0.001,12,0.14931838629422364,0.20899702608585358
augmented,True,128-64,0.001,13,0.14625728331230306,0.2034999132156372
augmented,True,128-64,0.001,14,0.1436332310129095,0.1987660527229309
augmented,True,128-64,0.001,15,0.1406686763410215,0.19608236849308014
augmented,True,128-64,0.001,16,0.13825131789401726,0.1962180882692337
augmented,True,128-64,0.001,17,0.13641603054823698,0.18966828286647797
augmented,True,128-64,0.001,18,0.13468970863907426,0.18664798140525818
augmented,True,128-64,0.001,19,0.1335867550417229,0.18975044786930084
augmented,True,128-64,0.001,20,0.1321199600122593,0.1879647821187973
augmented,True,128-64,0.001,21,0.13071968935154102,0.18194153904914856
augmented,True,128-64,0.001,22,0.1299272491313793,0.18015040457248688
augmented,True,128-64,0.001,23,0.12885271268862264,0.18709975481033325
augmented,True,128-64,0.001,24,0.128174761875912,0.18793824315071106
augmented,True,128-64,0.001,25,0.12803827462372958,0.18254192173480988
augmented,True,128-64,0.001,26,0.12634962653672255,0.18035972118377686
augmented,True,128-64,0.001,27,0.12574244905401158,0.1782635897397995
augmented,True,128-64,0.001,28,0.12466162783128244,0.18049325048923492
augmented,True,128-64,0.001,29,0.12445566461042122,0.18064606189727783
augmented,True,128-64,0.001,30,0.12340257638030581,0.17717400193214417
augmented,True,128-64,0.001,31,0.12312082571012002,0.18299752473831177
augmented,True,128-64,0.001,32,0.12181792622363126,0.18352262675762177
augmented,True,128-64,0.001,33,0.12110288518446463,0.1809554398059845
augmented,True,128-64,0.001,34,0.12010606400392673,0.1842498630285263
augmented,True,128-64,0.001,35,0.11971172041363186,0.18107683956623077
augmented,True,128-64,0.001,36,0.11896766499236779,0.18095318973064423
augmented,True,128-64,0.001,37,0.11861582111429285,0.18962955474853516
augmented,True,128-64,0.001,38,0.11809427833115613,0.1839827597141266
augmented,True,128-64,0.0001,1,0.7124798768538015,0.6976246237754822
augmented,True,128-64,0.0001,2,0.6929848725707443,0.6855728626251221
augmented,True,128-64,0.0001,3,0.6740315396697433,0.6729781627655029
augmented,True,128-64,0.0001,4,0.655073266117661,0.6602311730384827
augmented,True,128-64,0.0001,5,0.6353574228286744,0.6466714143753052
augmented,True,128-64,0.0001,6,0.6144520941487065,0.6316134929656982
augmented,True,128-64,0.0001,7,0.5921811856163872,0.6154000759124756
augmented,True,128-64,0.0001,8,0.5684024763107299,0.597960352897644
augmented,True,128-64,0.0001,9,0.5433513981324655,0.5793625712394714
augmented,True,128-64,0.0001,10,0.5173581293777183,0.55951988697052
augmented,True,128-64,0.0001,11,0.4905495649796945,0.5389341711997986
augmented,True,128-64,0.0001,12,0.46335315699930546,0.5179429650306702
augmented,True,128-64,0.0001,13,0.4360181536056377,0.4965479373931885
augmented,True,128-64,0.0001,14,0.40916995110335175,0.47525104880332947
augmented,True,128-64,0.0001,15,0.3833019929020493,0.4541756808757782
augmented,True,128-64,0.0001,16,0.3588432968545843,0.4340185523033142
augmented,True,128-64,0.0001,17,0.3361406923223425,0.4148560166358948
augmented,True,128-64,0.0001,18,0.31537570940123666,0.3972010910511017
augmented,True,128-64,0.0001,19,0.29656300253338286,0.3805215358734131
augmented,True,128-64,0.0001,20,0.2798127325375875,0.3649854063987732
augmented,True,128-64,0.0001,21,0.26487649418689585,0.35106074810028076
augmented,True,128-64,0.0001,22,0.2518544762664371,0.3385585844516754
augmented,True,128-64,0.0001,23,0.24051201815958376,0.32675686478614807
augmented,True,128-64,0.0001,24,0.23066088952400066,0.31657159328460693
augmented,True,128-64,0.0001,25,0.22222367414721736,0.30817529559135437
augmented,True,128-64,0.0001,26,0.21486675794477816,0.30057963728904724
augmented,True,128-64,0.0001,27,0.20854878085630912,0.29370737075805664
augmented,True,128-64,0.0001,28,0.20317495045838532,0.2879602611064911
augmented,True,128-64,0.0001,29,0.1984787709403921,0.2828526198863983
augmented,True,128-64,0.0001,30,0.19446969584182458,0.2789268493652344
augmented,True,128-64,0.0001,31,0.19105469820676027,0.2750355303287506
augmented,True,128-64,0.0001,32,0.18802511466874017,0.2714863419532776
augmented,True,128-64,0.0001,33,0.1854966895668595,0.26868048310279846
augmented,True,128-64,0.0001,34,0.18327567087279426,0.26594772934913635
augmented,True,128-64,0.0001,35,0.18131567612842278,0.26393386721611023
augmented,True,128-64,0.0001,36,0.17959109714737645,0.2618778645992279
augmented,True,128-64,0.0001,37,0.17810202011355647,0.259977787733078
augmented,True,128-64,0.0001,38,0.17673931174808077,0.25862738490104675
augmented,True,128-64,0.0001,39,0.17554044551319548,0.2572877109050751
augmented,True,128-64,0.0001,40,0.17449555500789926,0.25536033511161804
augmented,True,128-64,0.0001,41,0.17352072693683482,0.2549358308315277
augmented,True,128-64,0.0001,42,0.17259603372326604,0.2538735866546631
augmented,True,128-64,0.0001,43,0.1717908348860564,0.2526821792125702
augmented,True,128-64,0.0001,44,0.17105067392190298,0.25126728415489197
augmented,True,128-64,0.0001,45,0.17034536319750326,0.24947606027126312
augmented,True,128-64,0.0001,46,0.16968831110883642,0.2491920292377472
augmented,True,128-64,0.0001,47,0.1690791606682318,0.24840326607227325
augmented,True,128-64,0.0001,48,0.16848470840189192,0.2477102428674698
augmented,True,128-64,0.0001,49,0.167941391048608,0.2471991628408432
augmented,True,128-64,0.0001,50,0.16741044026833993,0.2458769828081131
augmented,True,128-64,0.0001,51,0.16688961075411904,0.24564987421035767
augmented,True,128-64,0.0001,52,0.16640116128656599,0.24476049840450287
augmented,True,128-64,0.0001,53,0.16593778109108961,0.24379397928714752
augmented,True,128-64,0.0001,54,0.1654485632975896,0.24365074932575226
augmented,True,128-64,0.0001,55,0.16501032480487118,0.24302330613136292
augmented,True,128-64,0.0001,56,0.16456697949656734,0.24185320734977722
augmented,True,128-64,0.0001,57,0.16414489770377125,0.24103231728076935
augmented,True,128-64,0.0001,58,0.16369726609300683,0.23927538096904755
augmented,True,128-64,0.0001,59,0.16327609567730514,0.2383050173521042
augmented,True,128-64,0.0001,60,0.16287235816319784,0.23865042626857758
augmented,True,128-64,0.0001,61,0.16243846952915192,0.2373930662870407
augmented,True,128-64,0.0001,62,0.1620295966996087,0.23702393472194672
augmented,True,128-64,0.0001,63,0.1616412681782687,0.23668743669986725
augmented,True,128-64,0.0001,64,0.16122644954257542,0.23488683998584747
augmented,True,128-64,0.0001,65,0.16083993289205764,0.23390282690525055
augmented,True,128-64,0.0001,66,0.16043296520356778,0.23488663136959076
augmented,True,128-64,0.0001,67,0.1600421365985164,0.23323774337768555
augmented,True,128-64,0.0001,68,0.15963431298732758,0.23316431045532227
augmented,True,128-64,0.0001,69,0.15922633206402814,0.23222026228904724
augmented,True,128-64,0.0001,70,0.15883687992890677,0.23130778968334198
augmented,True,128-64,0.0001,71,0.15843927323818208,0.2304801046848297
augmented,True,128-64,0.0001,72,0.1580519570355062,0.22969287633895874
augmented,True,128-64,0.0001,73,0.15765475891254566,0.22859494388103485
augmented,True,128-64,0.0001,74,0.15726036720805697,0.2273579239845276
augmented,True,128-64,0.0001,75,0.15688112203721646,0.22693920135498047
augmented,True,128-64,0.0001,76,0.1564845954488825,0.22585488855838776
augmented,True,128-64,0.0001,77,0.15612880015814745,0.22481583058834076
augmented,True,128-64,0.0001,78,0.15570252100626628,0.22548949718475342
augmented,True,128-64,0.0001,79,0.1553295799758699,0.224478617310524
augmented,True,128-64,0.0001,80,0.15493970252849437,0.22381724417209625
augmented,True,128-64,0.0001,81,0.15455767340130278,0.2234175056219101
augmented,True,128-64,0.0001,82,0.1541775056167885,0.22280359268188477
augmented,True,128-64,0.0001,83,0.15379266807326564,0.2217816710472107
augmented,True,128-64,0.0001,84,0.15343151324325138,0.22063672542572021
augmented,True,128-64,0.0001,85,0.15304536179259973,0.22039823234081268
augmented,True,128-64,0.0001,86,0.15267434316652792,0.2207501381635666
augmented,True,128-64,0.0001,87,0.15232534925142924,0.21870525181293488
augmented,True,128-64,0.0001,88,0.15192018422815534,0.21864745020866394
augmented,True,128-64,0.0001,89,0.15155430606117956,0.217772975564003
augmented,True,128-64,0.0001,90,0.15118455621931287,0.21675054728984833
augmented,True,128-64,0.0001,91,0.15083378518069232,0.21714083850383759
augmented,True,128-64,0.0001,92,0.15044379905418112,0.21601416170597076
augmented,True,128-64,0.0001,93,0.15009632234220152,0.21510934829711914
augmented,True,128-64,0.0001,94,0.14974124089435295,0.21460331976413727
augmented,True,128-64,0.0001,95,0.1493943883313073,0.21235418319702148
augmented,True,128-64,0.0001,96,0.14901804433928595,0.21281331777572632
augmented,True,128-64,0.0001,97,0.1486631965195691,0.21284185349941254
augmented,True,128-64,0.0001,98,0.14832658259956924,0.21300379931926727
augmented,True,128-64,0.0001,99,0.14794598324431313,0.21117688715457916
augmented,True,128-64,0.0001,100,0.14761436568366157,0.20902059972286224
